task_id,task_type,difficulty,episode_id,true_next_strain,true_next_resistance,inverse_gap,inverse_mask_mode,current_strain,true_current_fatigue,recent_window,future_actions,true_future_strain,true_future_resistance
F_easy_000,forward,easy,E_easy_000,0.07809009934437239,116.84857049094111,,,,,,,,
F_easy_001,forward,easy,E_easy_001,0.0588432276283043,111.83561485896362,,,,,,,,
F_easy_002,forward,easy,E_easy_002,0.18834643087359068,134.17391639709115,,,,,,,,
F_easy_003,forward,easy,E_easy_003,0.0725296474480937,113.92438065021997,,,,,,,,
F_easy_004,forward,easy,E_easy_004,0.0824135825180543,112.33304735719396,,,,,,,,
F_easy_005,forward,easy,E_easy_005,0.0,101.57653139022962,,,,,,,,
F_easy_006,forward,easy,E_easy_006,0.10340527102052494,116.75153590220765,,,,,,,,
F_easy_007,forward,easy,E_easy_007,0.04989999999999998,113.46746119648942,,,,,,,,
F_easy_008,forward,easy,E_easy_008,0.10084242569833962,119.69456504171771,,,,,,,,
F_easy_009,forward,easy,E_easy_009,0.052265665860696954,109.51423962982525,,,,,,,,
F_easy_010,forward,easy,E_easy_010,0.14223159903402666,119.07442655633821,,,,,,,,
F_easy_011,forward,easy,E_easy_011,0.26462415209645107,147.42048439602283,,,,,,,,
F_easy_012,forward,easy,E_easy_012,0.15796230248687476,126.33452132546579,,,,,,,,
F_easy_013,forward,easy,E_easy_013,0.05508553772471531,112.64398049623206,,,,,,,,
F_easy_014,forward,easy,E_easy_014,0.018999999999999996,105.75007160115695,,,,,,,,
F_easy_015,forward,easy,E_easy_015,0.16757639902074056,123.14382463532182,,,,,,,,
F_easy_016,forward,easy,E_easy_016,0.1386589316351216,126.01497961068993,,,,,,,,
F_easy_017,forward,easy,E_easy_017,0.1253728856201154,119.84079669080968,,,,,,,,
F_medium_018,forward,medium,E_medium_000,0.0940430751084044,124.80216915681918,,,,,,,,
F_medium_019,forward,medium,E_medium_001,0.16411014959759695,132.7335927878664,,,,,,,,
F_medium_020,forward,medium,E_medium_002,0.1585024578453902,152.64597326457564,,,,,,,,
F_medium_021,forward,medium,E_medium_003,0.31403813028916355,212.68472879435004,,,,,,,,
F_medium_022,forward,medium,E_medium_004,0.22201190224425493,175.103607424224,,,,,,,,
F_medium_023,forward,medium,E_medium_005,0.10328045990875126,132.51885544319478,,,,,,,,
F_medium_024,forward,medium,E_medium_006,0.0396,112.49498091000886,,,,,,,,
F_medium_025,forward,medium,E_medium_007,0.2107286426698442,153.6574664508119,,,,,,,,
F_medium_026,forward,medium,E_medium_008,0.22072941120010964,156.210245165104,,,,,,,,
F_medium_027,forward,medium,E_medium_009,0.16109012941004777,153.6177973663908,,,,,,,,
F_medium_028,forward,medium,E_medium_010,0.07729259571318431,134.5799381188135,,,,,,,,
F_medium_029,forward,medium,E_medium_011,0.2583970381394235,160.6924215147807,,,,,,,,
F_medium_030,forward,medium,E_medium_012,0.14241648065548335,143.93016091974255,,,,,,,,
F_medium_031,forward,medium,E_medium_013,0.0938,126.77304058972169,,,,,,,,
F_medium_032,forward,medium,E_medium_014,0.19532023775434418,161.23166394899565,,,,,,,,
F_medium_033,forward,medium,E_medium_015,0.3624882300417855,187.4221531752998,,,,,,,,
F_medium_034,forward,medium,E_medium_016,0.11929999999999999,135.61538056266866,,,,,,,,
F_medium_035,forward,medium,E_medium_017,0.1511766449122315,144.22919155314077,,,,,,,,
F_hard_036,forward,hard,E_hard_000,0.365727079877854,310.8399502573211,,,,,,,,
F_hard_037,forward,hard,E_hard_001,0.11150089776017444,157.63711611272504,,,,,,,,
F_hard_038,forward,hard,E_hard_002,0.4,355.142090855192,,,,,,,,
F_hard_039,forward,hard,E_hard_003,0.35900000000000004,325.6176518142142,,,,,,,,
F_hard_040,forward,hard,E_hard_004,0.3161603705255337,284.49200054124526,,,,,,,,
F_hard_041,forward,hard,E_hard_005,0.3704,372.46828331471414,,,,,,,,
F_hard_042,forward,hard,E_hard_006,0.24505449613885258,318.0992411516853,,,,,,,,
F_hard_043,forward,hard,E_hard_007,0.3122551352294989,260.03498963829077,,,,,,,,
F_hard_044,forward,hard,E_hard_008,0.4,372.0908871945794,,,,,,,,
F_hard_045,forward,hard,E_hard_009,0.3146,240.8777854652683,,,,,,,,
F_hard_046,forward,hard,E_hard_010,0.4,331.0377391287495,,,,,,,,
F_hard_047,forward,hard,E_hard_011,0.30870000000000003,311.9843602231001,,,,,,,,
F_hard_048,forward,hard,E_hard_012,0.335969644111045,357.27296051720157,,,,,,,,
F_hard_049,forward,hard,E_hard_013,0.2352866227050835,280.08867047079013,,,,,,,,
F_hard_050,forward,hard,E_hard_014,0.2455265936587794,280.34567853702436,,,,,,,,
F_hard_051,forward,hard,E_hard_015,0.3972239545087054,353.346483064902,,,,,,,,
F_hard_052,forward,hard,E_hard_016,0.2938096170935151,317.158084446843,,,,,,,,
F_hard_053,forward,hard,E_hard_017,0.325995339132217,330.49323833943544,,,,,,,,
I_easy_000,inverse,easy,E_easy_000,,,0.0,no_mask,0.1326900993443724,0.03261128805554801,[],,,
I_easy_001,inverse,easy,E_easy_001,,,0.0,no_mask,0.1134432276283043,0.023711083412555966,[],,,
I_easy_002,inverse,easy,E_easy_002,,,0.0,no_mask,0.16294643087359068,0.019555785788343077,[],,,
I_easy_003,inverse,easy,E_easy_003,,,0.0,no_mask,0.10712964744809371,0.02803540558739256,[],,,
I_easy_004,inverse,easy,E_easy_004,,,0.0,no_mask,0.08701358251805431,0.0173598358194227,[],,,
I_easy_005,inverse,easy,E_easy_005,,,0.0,no_mask,0.0,0.02524285740606282,[],,,
I_easy_006,inverse,easy,E_easy_006,,,0.0,no_mask,0.10800527102052493,0.035443729326916265,[],,,
I_easy_007,inverse,easy,E_easy_007,,,0.0,no_mask,0.10449999999999998,0.050274444402824324,[],,,
I_easy_008,inverse,easy,E_easy_008,,,0.0,no_mask,0.055442425698339626,0.03069910250995673,[],,,
I_easy_009,inverse,easy,E_easy_009,,,0.0,no_mask,0.026865665860696955,0.02173865887930928,[],,,
I_easy_010,inverse,easy,E_easy_010,,,0.0,no_mask,0.09683159903402665,0.015144223383835349,[],,,
I_easy_011,inverse,easy,E_easy_011,,,0.0,no_mask,0.21922415209645105,0.037164476926716976,[],,,
I_easy_012,inverse,easy,E_easy_012,,,0.0,no_mask,0.13256230248687476,0.035985335182698225,[],,,
I_easy_013,inverse,easy,E_easy_013,,,0.0,no_mask,0.10968553772471532,0.03396655276106906,[],,,
I_easy_014,inverse,easy,E_easy_014,,,0.0,no_mask,0.0736,0.04279653803466588,[],,,
I_easy_015,inverse,easy,E_easy_015,,,0.0,no_mask,0.17217639902074056,0.034432337163227376,[],,,
I_easy_016,inverse,easy,E_easy_016,,,0.0,no_mask,0.1132589316351216,0.04380619978217585,[],,,
I_easy_017,inverse,easy,E_easy_017,,,0.0,no_mask,0.15997288562011538,0.02904075534309734,[],,,
I_medium_018,inverse,medium,E_medium_000,,,0.0,no_mask,0.1336430751084044,0.05756988825231734,[],,,
I_medium_019,inverse,medium,E_medium_001,,,0.0,no_mask,0.18371014959759696,0.06409741279334037,[],,,
I_medium_020,inverse,medium,E_medium_002,,,0.0,no_mask,0.1781024578453902,0.09916837474258271,[],,,
I_medium_021,inverse,medium,E_medium_003,,,0.0,no_mask,0.3536381302891636,0.16247125761060907,[],,,
I_medium_022,inverse,medium,E_medium_004,,,0.0,no_mask,0.20161190224425493,0.1714908049895339,[],,,
I_medium_023,inverse,medium,E_medium_005,,,0.0,no_mask,0.10788045990875125,0.07423242309657667,[],,,
I_medium_024,inverse,medium,E_medium_006,,,0.0,no_mask,0.0592,0.037143276801408776,[],,,
I_medium_025,inverse,medium,E_medium_007,,,0.0,no_mask,0.2153286426698442,0.09821391312870396,[],,,
I_medium_026,inverse,medium,E_medium_008,,,0.0,no_mask,0.22532941120010963,0.12551136903104929,[],,,
I_medium_027,inverse,medium,E_medium_009,,,0.0,no_mask,0.12069012941004778,0.13367915675637773,[],,,
I_medium_028,inverse,medium,E_medium_010,,,0.0,no_mask,0.03689259571318432,0.09388961547857777,[],,,
I_medium_029,inverse,medium,E_medium_011,,,0.0,no_mask,0.21799703813942348,0.0956700453891074,[],,,
I_medium_030,inverse,medium,E_medium_012,,,0.0,no_mask,0.10201648065548335,0.08409063854192782,[],,,
I_medium_031,inverse,medium,E_medium_013,,,0.0,no_mask,0.033399999999999985,0.0549215690634606,[],,,
I_medium_032,inverse,medium,E_medium_014,,,0.0,no_mask,0.1549202377543442,0.09069877847803051,[],,,
I_medium_033,inverse,medium,E_medium_015,,,0.0,no_mask,0.3020882300417855,0.1107384277921748,[],,,
I_medium_034,inverse,medium,E_medium_016,,,0.0,no_mask,0.15889999999999999,0.074850838824016,[],,,
I_medium_035,inverse,medium,E_medium_017,,,0.0,no_mask,0.1907766449122315,0.07280923462726176,[],,,
I_hard_036,inverse,hard,E_hard_000,,,0.0,no_mask,0.34032707987785404,0.25486618939651656,[],,,
I_hard_037,inverse,hard,E_hard_001,,,0.0,no_mask,0.06110089776017443,0.12501555838447667,[],,,
I_hard_038,inverse,hard,E_hard_002,,,0.0,no_mask,0.4,0.41998005971688795,[],,,
I_hard_039,inverse,hard,E_hard_003,,,0.0,no_mask,0.38860000000000006,0.3734893065589139,[],,,
I_hard_040,inverse,hard,E_hard_004,,,0.0,no_mask,0.3457603705255337,0.2427940548711356,[],,,
I_hard_041,inverse,hard,E_hard_005,,,0.0,no_mask,0.4,0.4339402043877969,[],,,
I_hard_042,inverse,hard,E_hard_006,,,0.0,no_mask,0.2996544961388526,0.4259252588830812,[],,,
I_hard_043,inverse,hard,E_hard_007,,,0.0,no_mask,0.23685513522949886,0.23911363692543985,[],,,
I_hard_044,inverse,hard,E_hard_008,,,0.0,no_mask,0.3636000000000001,0.4164604235364305,[],,,
I_hard_045,inverse,hard,E_hard_009,,,0.0,no_mask,0.3442,0.31336275118560103,[],,,
I_hard_046,inverse,hard,E_hard_010,,,0.0,no_mask,0.34090000000000004,0.4647750941181069,[],,,
I_hard_047,inverse,hard,E_hard_011,,,0.0,no_mask,0.33830000000000005,0.3656485156956716,[],,,
I_hard_048,inverse,hard,E_hard_012,,,0.0,no_mask,0.285569644111045,0.3835366294556174,[],,,
I_hard_049,inverse,hard,E_hard_013,,,0.0,no_mask,0.2648866227050835,0.3035155882661272,[],,,
I_hard_050,inverse,hard,E_hard_014,,,0.0,no_mask,0.3001265936587794,0.29722891451841854,[],,,
I_hard_051,inverse,hard,E_hard_015,,,0.0,no_mask,0.3718239545087054,0.4393904778147173,[],,,
I_hard_052,inverse,hard,E_hard_016,,,0.0,no_mask,0.3234096170935151,0.35301995510354045,[],,,
I_hard_053,inverse,hard,E_hard_017,,,0.0,no_mask,0.355595339132217,0.3529871966470069,[],,,
R_easy_000,rollout,easy,E_easy_000,,,,,,,,"[-0.0546, 0.0275, 0.0301, 0.0327, -0.0252, 0.0559, 0.0558, 0.0346, -0.0275, -0.0002, -0.0527, -0.0548, 0.0241, 0.0242, 0.0454, -0.0324, -0.0298, 0.0028, -0.0252, -0.0441, 0.0058, -0.0255, 0.0324, -0.0003, 0.0272, 0.0251, -0.0359, 0.0242, 0.0255, -0.0023]","[0.07809009934437239, 0.10559009934437238, 0.13569009934437237, 0.16839009934437238, 0.14319009934437238, 0.19909009934437238, 0.2548900993443724, 0.2894900993443724, 0.2619900993443724, 0.2617900993443724, 0.20909009934437242, 0.15429009934437243, 0.17839009934437244, 0.20259009934437244, 0.24799009934437244, 0.21559009934437245, 0.18579009934437246, 0.18859009934437246, 0.16339009934437246, 0.11929009934437246, 0.12509009934437246, 0.09959009934437246, 0.13199009934437245, 0.13169009934437245, 0.15889009934437245, 0.18399009934437247, 0.14809009934437245, 0.17229009934437245, 0.19779009934437244, 0.19549009934437245]","[116.84857049094111, 122.05829002795643, 127.79249549676665, 134.12691007390265, 129.57857171083813, 140.56166272361799, 151.89101541802387, 159.2973210176906, 154.6408571393149, 155.0113543959179, 145.42890697147502, 135.247860847275, 140.08217118942272, 145.05288974557612, 154.50747817961857, 148.60963771395268, 143.07813787658023, 143.72562285966586, 138.9713698754867, 130.62372559976308, 131.72723356293085, 126.88501857245261, 133.30320932656966, 133.1893003116675, 138.62376690504738, 143.75195798220906, 136.88627441470697, 141.7910900735522, 147.07914600483045, 146.74224605246977]"
R_easy_001,rollout,easy,E_easy_001,,,,,,,,"[-0.0546, -0.0025, -0.0299, 0.0327, 0.0548, -0.0241, -0.0442, 0.0346, -0.0275, 0.0498, -0.0027, 0.0252, 0.0241, -0.0058, 0.0254, -0.0324, -0.0498, -0.0472, 0.0548, 0.0059, -0.0242, 0.0045, -0.0476, 0.0497, -0.0028, -0.0049, -0.0359, 0.0442, -0.0345, -0.0323]","[0.0588432276283043, 0.0563432276283043, 0.0264432276283043, 0.059143227628304304, 0.1139432276283043, 0.08984322762830431, 0.045643227628304306, 0.0802432276283043, 0.0527432276283043, 0.1025432276283043, 0.0998432276283043, 0.1250432276283043, 0.14914322762830431, 0.14334322762830431, 0.16874322762830432, 0.1363432276283043, 0.08654322762830431, 0.03934322762830431, 0.09414322762830432, 0.10004322762830432, 0.07584322762830432, 0.08034322762830433, 0.032743227628304325, 0.08244322762830433, 0.07964322762830434, 0.07474322762830433, 0.03884322762830433, 0.08304322762830434, 0.04854322762830433, 0.01624322762830433]","[111.83561485896362, 111.4104505080435, 106.49538020131554, 111.99523040656683, 121.25579464000202, 117.26990590229066, 109.9805891741152, 115.82169836427371, 111.27326339455733, 119.7048539100654, 119.23814663506613, 123.50566619145935, 127.59294896156436, 126.60946535442568, 130.95287968303546, 125.5602226195889, 117.29270676680665, 109.46427789406417, 118.7704748113365, 119.75363706685779, 115.7174233438609, 116.46162552555603, 108.55181036808862, 116.99774156372389, 116.50867112828064, 115.67139566199853, 109.69149708786378, 117.20844615666208, 111.44995372519757, 106.06258770411678]"
R_easy_002,rollout,easy,E_easy_002,,,,,,,,"[0.0254, -0.0025, 0.0301, -0.0473, 0.0048, -0.0441, 0.0058, -0.0254, -0.0475, -0.0302, 0.0273, -0.0048, 0.0441, -0.0058, -0.0346, 0.0276, -0.0498, 0.0528, 0.0048, 0.0359, -0.0442, 0.0045, 0.0024, 0.0497, -0.0028, -0.0049, -0.0359, -0.0358, 0.0255, -0.0023]","[0.18834643087359068, 0.18584643087359068, 0.21594643087359067, 0.16864643087359066, 0.17344643087359066, 0.12934643087359066, 0.13514643087359066, 0.10974643087359065, 0.06224643087359065, 0.032046430873590645, 0.05934643087359065, 0.05454643087359065, 0.09864643087359065, 0.09284643087359065, 0.05824643087359065, 0.08584643087359065, 0.03604643087359065, 0.08884643087359065, 0.09364643087359065, 0.12954643087359063, 0.08534643087359063, 0.08984643087359064, 0.09224643087359063, 0.14194643087359063, 0.13914643087359063, 0.13424643087359064, 0.09834643087359064, 0.06254643087359064, 0.08804643087359064, 0.08574643087359064]","[134.17391639709115, 133.81108037762732, 139.3667104065973, 131.27228472335153, 132.16802131143587, 124.57847703008616, 125.59910409307808, 121.22102463145642, 113.05783039404191, 107.86550550143906, 112.72073131093086, 111.87768470026026, 119.76146849505884, 118.74019793824412, 112.76317463835314, 117.69467352066208, 109.08925671640682, 118.55485904054103, 119.39485715688346, 125.8582688632766, 118.16340903271856, 118.94917869267951, 119.35560050625813, 128.33381452459804, 127.81470607662209, 126.93078803190069, 120.65812029213411, 114.41040057933158, 118.99422494212094, 118.56476856526953]"
R_easy_003,rollout,easy,E_easy_003,,,,,,,,"[-0.0346, -0.0025, -0.0299, 0.0527, -0.0252, -0.0441, 0.0358, 0.0546, 0.0525, 0.0298, 0.0473, 0.0452, -0.0059, -0.0358, 0.0254, 0.0276, -0.0298, -0.0472, 0.0348, -0.0241, 0.0558, -0.0255, -0.0476, 0.0297, -0.0528, -0.0349, -0.0059, 0.0442, -0.0345, -0.0323]","[0.0725296474480937, 0.0700296474480937, 0.040129647448093705, 0.0928296474480937, 0.0676296474480937, 0.023529647448093702, 0.0593296474480937, 0.1139296474480937, 0.1664296474480937, 0.19622964744809368, 0.2435296474480937, 0.2887296474480937, 0.2828296474480937, 0.2470296474480937, 0.27242964744809367, 0.3000296474480937, 0.2702296474480937, 0.2230296474480937, 0.25782964744809367, 0.23372964744809366, 0.2895296474480937, 0.26402964744809365, 0.21642964744809365, 0.24612964744809365, 0.19332964744809367, 0.15842964744809368, 0.1525296474480937, 0.19672964744809368, 0.16222964744809368, 0.12992964744809368]","[113.92438065021997, 113.50416955590124, 108.5925348129807, 117.65082367237048, 113.49100914294559, 106.2238576441729, 112.37775754431495, 121.82474038688441, 131.00879401394081, 136.33181158878006, 144.90028869867075, 153.2891674525512, 152.61756294188126, 146.77212844122502, 151.61566442699427, 156.96173700560897, 152.1399102734427, 144.19360611385912, 150.72601424269283, 146.74417678832262, 157.23174429134966, 153.05411348966277, 144.8948600476924, 150.5239742275048, 141.36300954302553, 135.24765611884652, 134.18069081648736, 142.31872360900886, 136.262804572351, 130.5709481448527]"
R_easy_004,rollout,easy,E_easy_004,,,,,,,,"[-0.0046, 0.0275, 0.0501, -0.0273, 0.0548, -0.0441, 0.0058, 0.0346, -0.0475, -0.0502, -0.0027, 0.0452, -0.0059, 0.0442, 0.0254, -0.0024, 0.0302, -0.0472, -0.0452, 0.0359, 0.0358, -0.0255, 0.0024, -0.0003, 0.0472, -0.0049, -0.0059, -0.0358, -0.0045, 0.0277]","[0.0824135825180543, 0.1099135825180543, 0.1600135825180543, 0.13271358251805432, 0.18751358251805433, 0.14341358251805433, 0.14921358251805433, 0.18381358251805432, 0.1363135825180543, 0.08611358251805432, 0.08341358251805432, 0.12861358251805433, 0.12271358251805432, 0.16691358251805433, 0.19231358251805433, 0.18991358251805432, 0.22011358251805432, 0.17291358251805433, 0.12771358251805434, 0.16361358251805436, 0.19941358251805436, 0.17391358251805436, 0.17631358251805437, 0.17601358251805438, 0.22321358251805437, 0.21831358251805438, 0.2124135825180544, 0.1766135825180544, 0.1721135825180544, 0.1998135825180544]","[112.33304735719396, 116.04958416628753, 122.86447718424125, 119.2816344464197, 126.80037341019512, 120.99947515688292, 121.778351885914, 126.5464960039225, 120.28557322493727, 113.67399258586389, 113.30643673010908, 119.46560522124173, 118.67412676506756, 124.74096705069155, 128.27958323727037, 128.0040964605597, 132.25821054845588, 126.01272828497459, 120.00196204109974, 124.94895205541461, 129.95107274499577, 126.5704550188462, 126.92034494003666, 126.89768459719014, 133.53405396448335, 132.96032636719318, 132.24255775176417, 127.46828680880964, 126.87534019087641, 130.7780540347544]"
R_easy_005,rollout,easy,E_easy_005,,,,,,,,"[-0.0346, 0.0275, 0.0501, 0.0027, -0.0252, 0.0359, 0.0558, 0.0546, -0.0475, -0.0302, -0.0327, -0.0348, 0.0241, -0.0058, -0.0546, 0.0276, 0.0302, -0.0472, 0.0548, -0.0441, 0.0558, -0.0455, 0.0524, 0.0497, 0.0472, 0.0251, 0.0241, 0.0242, 0.0255, -0.0523]","[0.0, 0.0275, 0.0776, 0.0803, 0.055099999999999996, 0.091, 0.14679999999999999, 0.2014, 0.15389999999999998, 0.12369999999999998, 0.09099999999999997, 0.05619999999999997, 0.08029999999999997, 0.07449999999999997, 0.019899999999999966, 0.047499999999999966, 0.07769999999999996, 0.030499999999999965, 0.08529999999999996, 0.04119999999999996, 0.09699999999999996, 0.05149999999999996, 0.10389999999999996, 0.15359999999999996, 0.20079999999999995, 0.22589999999999996, 0.24999999999999997, 0.2742, 0.2997, 0.2474]","[101.57653139022962, 105.30564651737656, 112.14179150272092, 112.49714352165343, 109.21899558222198, 114.13138570535581, 121.8192815295448, 129.5122276511309, 123.26189859718619, 119.27752345271901, 114.969359030655, 110.3903778818781, 113.70340174048627, 112.92005452331395, 105.74254839364279, 109.53434437558334, 113.69887252894736, 107.46530864146972, 115.05390472857593, 109.20386520165252, 116.95763096082669, 110.89737369433175, 118.19918031553732, 125.17264395188721, 131.94118895054277, 135.65514218213974, 139.30058979118732, 143.03805790415802, 147.04855952083187, 140.085054589364]"
R_easy_006,rollout,easy,E_easy_006,,,,,,,,"[-0.0046, 0.0475, 0.0301, 0.0327, 0.0048, 0.0359, -0.0242, 0.0346, -0.0275, 0.0298, 0.0473, -0.0548, -0.0059, -0.0558, 0.0254, -0.0524, 0.0502, -0.0472, 0.0548, 0.0359, 0.0058, 0.0345, 0.0324, 0.0497, -0.0528, -0.0349, -0.0559, -0.0058, -0.0345, -0.0023]","[0.10340527102052494, 0.15090527102052492, 0.1810052710205249, 0.21370527102052492, 0.21850527102052492, 0.2544052710205249, 0.2302052710205249, 0.2648052710205249, 0.23730527102052493, 0.26710527102052495, 0.31440527102052496, 0.25960527102052494, 0.2537052710205249, 0.1979052710205249, 0.22330527102052491, 0.1709052710205249, 0.2211052710205249, 0.17390527102052492, 0.2287052710205249, 0.2646052710205249, 0.2704052710205249, 0.3049052710205249, 0.3373052710205249, 0.3870052710205249, 0.3342052710205249, 0.2993052710205249, 0.2434052710205249, 0.2376052710205249, 0.2031052710205249, 0.2008052710205249]","[116.75153590220765, 123.67263554528212, 128.12108143795513, 133.0273943002221, 133.8378644179607, 139.3229321284597, 136.01638703354666, 141.34972657038662, 137.5679886558234, 142.2070852741359, 149.59609927027978, 141.8884954168148, 141.19844600015935, 133.21154096000905, 137.1219931180813, 129.55956802624365, 137.19804188532518, 130.3660663484547, 138.7345379928752, 144.3516310380163, 145.4174807953441, 150.94008779816545, 156.23872938479167, 164.35651228776766, 156.82163067965377, 151.8612960710162, 143.6537787497395, 142.8926474811846, 137.7919074687495, 137.48115469378027]"
R_easy_007,rollout,easy,E_easy_007,,,,,,,,"[-0.0546, -0.0025, 0.0501, 0.0027, 0.0048, 0.0359, 0.0058, 0.0546, 0.0325, -0.0002, -0.0327, 0.0452, 0.0241, 0.0442, -0.0546, 0.0476, 0.0302, -0.0472, 0.0048, 0.0359, -0.0442, 0.0045, 0.0324, -0.0503, -0.0028, -0.0049, -0.0359, 0.0442, 0.0255, -0.0523]","[0.04989999999999998, 0.04739999999999998, 0.09749999999999998, 0.10019999999999997, 0.10499999999999997, 0.14089999999999997, 0.14669999999999997, 0.20129999999999998, 0.23379999999999998, 0.23359999999999997, 0.20089999999999997, 0.24609999999999996, 0.27019999999999994, 0.31439999999999996, 0.2598, 0.3074, 0.3376, 0.2904, 0.2952, 0.3311, 0.2869, 0.2914, 0.3238, 0.27349999999999997, 0.27069999999999994, 0.2657999999999999, 0.22989999999999994, 0.27409999999999995, 0.2996, 0.24729999999999996]","[113.46746119648942, 113.0230344575573, 121.96362871665566, 122.41253453183667, 123.23997461420095, 129.69889693632354, 130.7104214127592, 140.87411957046163, 147.20225000736934, 147.47937146126634, 142.0604400150211, 150.86849815307318, 155.89580804267024, 165.02899664714045, 155.86515717193225, 165.68236706044814, 172.3856255024681, 164.46765596692592, 165.98849507291015, 173.83765212314188, 166.2885217642559, 167.72831393525664, 174.91176771848566, 166.02384479486426, 165.93239961827442, 165.42113204118138, 158.94615925867177, 168.27301754873776, 174.01560386660526, 164.38827983563468]"
R_easy_008,rollout,easy,E_easy_008,,,,,,,,"[0.0454, -0.0325, 0.0501, -0.0473, 0.0348, 0.0559, 0.0358, 0.0346, 0.0325, -0.0502, -0.0327, -0.0548, -0.0059, 0.0242, 0.0254, 0.0476, -0.0498, 0.0328, -0.0252, -0.0241, 0.0358, 0.0545, 0.0024, -0.0503, -0.0028, -0.0549, 0.0441, 0.0242, -0.0345, -0.0523]","[0.10084242569833962, 0.06834242569833962, 0.11844242569833963, 0.07114242569833962, 0.10594242569833962, 0.16184242569833962, 0.19764242569833962, 0.2322424256983396, 0.2647424256983396, 0.21454242569833962, 0.1818424256983396, 0.12704242569833962, 0.12114242569833962, 0.1453424256983396, 0.1707424256983396, 0.21834242569833962, 0.1685424256983396, 0.2013424256983396, 0.1761424256983396, 0.1520424256983396, 0.1878424256983396, 0.24234242569833958, 0.2447424256983396, 0.19444242569833958, 0.19164242569833959, 0.13674242569833958, 0.18084242569833958, 0.20504242569833958, 0.17054242569833958, 0.11824242569833958]","[119.69456504171771, 114.28792770568828, 122.84707476342247, 114.96864158399185, 120.91228974484524, 130.53525112655333, 136.7851835940537, 142.91644458222743, 148.77195845013853, 140.38788000056195, 134.89378527023925, 125.62895448654999, 124.60017631613988, 128.7673210313012, 133.18707657677618, 141.58983282503456, 133.1484469895289, 138.93839601675506, 134.66582416097472, 130.54112321850675, 136.8331348537462, 146.5483847510058, 147.09996342923029, 138.5368404007865, 138.08266432379006, 128.6671597615337, 136.4324560426076, 140.75292545196018, 134.82718282412984, 125.83254940539123]"
R_easy_009,rollout,easy,E_easy_009,,,,,,,,"[0.0254, 0.0475, 0.0301, 0.0027, 0.0048, -0.0241, 0.0058, -0.0254, -0.0475, 0.0298, -0.0027, -0.0348, 0.0241, -0.0058, 0.0454, 0.0276, 0.0302, -0.0272, 0.0348, 0.0059, 0.0058, 0.0345, -0.0276, -0.0003, 0.0272, 0.0451, 0.0441, -0.0058, -0.0045, 0.0277]","[0.052265665860696954, 0.09976566586069696, 0.12986566586069695, 0.13256566586069696, 0.13736566586069696, 0.11326566586069696, 0.11906566586069696, 0.09366566586069697, 0.04616566586069697, 0.07596566586069697, 0.07326566586069698, 0.03846566586069698, 0.06256566586069698, 0.05676566586069698, 0.10216566586069697, 0.129765665860697, 0.159965665860697, 0.132765665860697, 0.167565665860697, 0.17346566586069698, 0.17926566586069698, 0.21376566586069698, 0.186165665860697, 0.185865665860697, 0.213065665860697, 0.258165665860697, 0.30226566586069703, 0.296465665860697, 0.291965665860697, 0.319665665860697]","[109.51423962982525, 116.38756784203719, 120.76676196623639, 121.13936976863056, 121.82015664718757, 118.56740581856826, 119.39382710770165, 115.96734810537941, 109.58540697003183, 113.90768180947109, 113.52131118823807, 108.82611589930039, 112.3193386124865, 111.51430483983229, 118.15261242731928, 122.20313633577864, 126.6944684902017, 122.95141708622226, 128.16819393060447, 129.09632237845602, 130.0308256169776, 135.42124264802976, 131.692810749396, 131.73483885223555, 136.04045587457543, 143.2923121032264, 150.6505882702966, 150.3431660108533, 150.1947790431891, 155.1517392622715]"
R_easy_010,rollout,easy,E_easy_010,,,,,,,,"[0.0454, 0.0275, -0.0299, 0.0327, 0.0348, 0.0059, 0.0358, -0.0454, -0.0275, -0.0002, -0.0327, -0.0348, 0.0241, 0.0442, -0.0046, 0.0276, 0.0502, -0.0472, 0.0048, 0.0059, -0.0442, 0.0345, 0.0024, -0.0003, -0.0528, -0.0349, 0.0441, -0.0558, -0.0345, -0.0323]","[0.14223159903402666, 0.16973159903402665, 0.13983159903402664, 0.17253159903402665, 0.20733159903402665, 0.21323159903402664, 0.24903159903402663, 0.20363159903402664, 0.17613159903402664, 0.17593159903402664, 0.14323159903402663, 0.10843159903402663, 0.13253159903402664, 0.17673159903402663, 0.17213159903402664, 0.19973159903402665, 0.24993159903402665, 0.20273159903402665, 0.20753159903402665, 0.21343159903402664, 0.16923159903402663, 0.20373159903402663, 0.20613159903402664, 0.20583159903402665, 0.15303159903402663, 0.11813159903402663, 0.16223159903402662, 0.10643159903402662, 0.07193159903402661, 0.03963159903402661]","[119.07442655633821, 122.66413924632832, 118.90199862818655, 123.1753006960168, 127.7797187851453, 128.6204556318206, 133.4324367102639, 127.7444398457565, 124.28297383198864, 124.27410104882256, 120.12202474596623, 115.70728977136562, 118.84257724141901, 124.65316769671682, 124.07935082252465, 127.75306308131277, 134.48949453662502, 128.5156531746184, 129.2021949517355, 130.04221340057472, 124.39769413249928, 129.00400890523747, 129.37021195588312, 129.37943189934686, 122.59611784800451, 118.10674599239029, 123.92636731311816, 116.75128963106515, 112.31138087858997, 108.15727788858405]"
R_easy_011,rollout,easy,E_easy_011,,,,,,,,"[0.0454, -0.0325, 0.0001, 0.0027, -0.0452, 0.0059, 0.0558, 0.0346, -0.0275, -0.0302, -0.0327, -0.0548, 0.0441, -0.0058, -0.0346, -0.0024, -0.0498, -0.0272, 0.0348, 0.0359, 0.0558, 0.0345, 0.0024, 0.0297, 0.0472, -0.0049, 0.0441, -0.0058, 0.0255, -0.0523]","[0.26462415209645107, 0.23212415209645107, 0.23222415209645106, 0.23492415209645107, 0.18972415209645108, 0.19562415209645106, 0.2514241520964511, 0.2860241520964511, 0.2585241520964511, 0.22832415209645107, 0.19562415209645106, 0.14082415209645105, 0.18492415209645105, 0.17912415209645105, 0.14452415209645106, 0.14212415209645105, 0.09232415209645105, 0.06512415209645105, 0.09992415209645104, 0.13582415209645105, 0.19162415209645106, 0.22612415209645106, 0.22852415209645108, 0.25822415209645105, 0.3054241520964511, 0.30052415209645106, 0.34462415209645103, 0.338824152096451, 0.364324152096451, 0.312024152096451]","[147.42048439602283, 142.19088582697663, 142.35985415675495, 142.98654440966706, 135.5269961008233, 136.61504073043184, 146.54247570336386, 152.89996952182298, 148.48150621292152, 143.52772216247402, 138.07473043392943, 128.8094188319074, 136.57027818462726, 135.60660739200443, 129.72433756644327, 129.275550342679, 120.84861005903815, 116.23563708477586, 122.26666872914531, 128.51082033661933, 138.37648264378458, 144.60264283612307, 145.14934832842002, 150.63114656474966, 159.4009742558771, 158.85400810709584, 167.24393911984808, 166.63524618356988, 171.75527616426146, 162.90335274589276]"
R_easy_012,rollout,easy,E_easy_012,,,,,,,,"[0.0254, 0.0475, 0.0301, -0.0473, -0.0252, -0.0441, -0.0442, 0.0346, 0.0325, 0.0298, 0.0473, 0.0252, 0.0241, -0.0558, -0.0346, 0.0276, 0.0502, -0.0472, 0.0048, 0.0359, -0.0442, 0.0045, 0.0524, 0.0297, -0.0328, 0.0451, -0.0359, 0.0442, -0.0345, -0.0023]","[0.15796230248687476, 0.20546230248687475, 0.23556230248687474, 0.18826230248687473, 0.16306230248687473, 0.11896230248687473, 0.07476230248687472, 0.10936230248687473, 0.14186230248687473, 0.17166230248687472, 0.21896230248687473, 0.24416230248687473, 0.2682623024868747, 0.2124623024868747, 0.1778623024868747, 0.2054623024868747, 0.2556623024868747, 0.20846230248687472, 0.21326230248687472, 0.2491623024868747, 0.2049623024868747, 0.2094623024868747, 0.2618623024868747, 0.2915623024868747, 0.2587623024868747, 0.30386230248687474, 0.26796230248687475, 0.31216230248687477, 0.27766230248687473, 0.2753623024868747]","[126.33452132546579, 134.11576255824298, 139.3013934993035, 132.5086907414901, 128.83704972764576, 122.35947471287417, 115.87981844877199, 121.3601544381566, 126.53857825593694, 131.39926671993953, 139.3625077666159, 143.8680651702256, 148.33520666039786, 140.08480780913595, 134.89279871790512, 139.63272206907413, 148.43035670716193, 141.33628711532626, 142.3265568131954, 148.74109057346303, 142.01393762657264, 142.9340141151349, 152.2678785001824, 157.9294454413183, 153.09098901549584, 161.53142209223367, 156.16084275175263, 164.55672709771514, 159.37642273900195, 159.42873505298587]"
R_easy_013,rollout,easy,E_easy_013,,,,,,,,"[-0.0546, -0.0325, -0.0499, 0.0327, 0.0548, -0.0241, 0.0058, 0.0546, 0.0325, -0.0002, -0.0327, 0.0452, -0.0359, -0.0358, 0.0454, -0.0024, 0.0302, 0.0028, 0.0348, -0.0241, -0.0242, -0.0255, -0.0476, 0.0497, -0.0328, -0.0049, 0.0241, 0.0242, -0.0045, -0.0023]","[0.05508553772471531, 0.02258553772471531, 0.0, 0.0327, 0.0875, 0.0634, 0.0692, 0.1238, 0.1563, 0.1561, 0.12339999999999998, 0.16859999999999997, 0.13269999999999998, 0.09689999999999999, 0.14229999999999998, 0.13989999999999997, 0.17009999999999997, 0.17289999999999997, 0.20769999999999997, 0.18359999999999996, 0.15939999999999996, 0.13389999999999996, 0.08629999999999996, 0.13599999999999995, 0.10319999999999996, 0.09829999999999996, 0.12239999999999995, 0.14659999999999995, 0.14209999999999995, 0.13979999999999995]","[112.64398049623206, 107.12933993155815, 103.2788011724717, 108.96718786510299, 118.55319511987929, 114.43787362647339, 115.43490627914943, 125.02663961047178, 130.7609082632102, 130.71079544577407, 125.10143763991235, 133.11779928919324, 126.94526918257144, 120.79629617621379, 128.81485676242082, 128.37474100194814, 133.7527981704763, 134.26315002248077, 140.55499838522948, 136.43213593687253, 132.24773095481112, 127.82593495442497, 119.60824912173597, 128.42644258971882, 122.74041005109109, 121.86598732332415, 126.12971260222706, 130.41952772317015, 129.6090242210844, 129.17897990706376]"
R_easy_014,rollout,easy,E_easy_014,,,,,,,,"[-0.0546, -0.0025, 0.0301, -0.0273, 0.0548, -0.0241, 0.0358, 0.0046, 0.0025, -0.0502, -0.0027, 0.0452, -0.0559, 0.0242, 0.0254, -0.0324, 0.0302, 0.0328, 0.0548, -0.0241, -0.0242, -0.0255, 0.0024, 0.0297, -0.0328, -0.0349, 0.0441, -0.0558, 0.0255, 0.0277]","[0.018999999999999996, 0.016499999999999997, 0.046599999999999996, 0.019299999999999994, 0.0741, 0.05, 0.0858, 0.09040000000000001, 0.09290000000000001, 0.04270000000000001, 0.04000000000000001, 0.0852, 0.0293, 0.0535, 0.0789, 0.0465, 0.0767, 0.10950000000000001, 0.1643, 0.1402, 0.11599999999999999, 0.0905, 0.0929, 0.1226, 0.08979999999999999, 0.05489999999999999, 0.09899999999999999, 0.04319999999999999, 0.06869999999999998, 0.09639999999999999]","[105.75007160115695, 105.3408297580081, 110.33470717406493, 105.98634094733531, 115.12277351478875, 111.26319502877256, 117.25072390038268, 118.00527492967808, 118.40657108310138, 110.36242624119569, 109.91317863173043, 117.49158650277792, 108.50957686554565, 112.5590266325211, 116.82316690466754, 111.5899543827681, 116.66893424441135, 122.2088864912277, 131.5691838405845, 127.62569798249496, 123.66957632700488, 119.50620810140754, 119.88848517989676, 124.92862924863302, 119.57097182440761, 113.87809337688118, 121.37026398084002, 112.25764745874505, 116.5787104678852, 121.28970111575728]"
R_easy_015,rollout,easy,E_easy_015,,,,,,,,"[-0.0046, -0.0025, 0.0501, -0.0273, 0.0348, -0.0241, 0.0358, 0.0046, -0.0275, -0.0002, -0.0327, -0.0548, -0.0559, -0.0358, -0.0546, -0.0024, 0.0502, 0.0528, 0.0348, -0.0241, 0.0558, 0.0045, -0.0476, -0.0503, 0.0272, -0.0349, -0.0059, 0.0442, -0.0545, -0.0523]","[0.16757639902074056, 0.16507639902074056, 0.21517639902074057, 0.18787639902074058, 0.22267639902074057, 0.19857639902074056, 0.23437639902074056, 0.23897639902074055, 0.21147639902074056, 0.21127639902074055, 0.17857639902074054, 0.12377639902074054, 0.06787639902074055, 0.032076399020740554, 0.0, 0.0, 0.0502, 0.10300000000000001, 0.1378, 0.11370000000000001, 0.1695, 0.17400000000000002, 0.1264, 0.07610000000000001, 0.10330000000000002, 0.06840000000000002, 0.06250000000000001, 0.10670000000000002, 0.05220000000000002, 0.0]","[123.14382463532182, 122.83349162195675, 129.343257983568, 125.94528375257386, 130.50126761109448, 127.50871465420666, 132.2156254736819, 132.89038294999295, 129.47234938647748, 129.49390258992503, 125.38316109641548, 118.46028517503832, 111.40477170351318, 106.88430907114375, 102.82499303322297, 102.81062752871814, 109.26422737769659, 116.07236510270354, 120.56449284370531, 117.50124572290498, 124.74532223451448, 125.33541003875682, 119.2885669887038, 112.90552725851525, 116.41512772746178, 111.9796157032584, 111.21596829260518, 116.93166224905211, 110.00949256983883, 103.38504233368025]"
R_easy_016,rollout,easy,E_easy_016,,,,,,,,"[0.0254, 0.0275, 0.0001, 0.0327, 0.0548, 0.0059, 0.0058, -0.0454, 0.0325, -0.0002, -0.0027, -0.0548, 0.0441, -0.0058, 0.0254, -0.0524, 0.0502, -0.0272, -0.0252, 0.0559, 0.0558, -0.0255, 0.0024, 0.0297, 0.0472, -0.0549, -0.0059, 0.0242, 0.0255, -0.0023]","[0.1386589316351216, 0.1661589316351216, 0.1662589316351216, 0.1989589316351216, 0.2537589316351216, 0.2596589316351216, 0.2654589316351216, 0.22005893163512158, 0.25255893163512155, 0.2523589316351216, 0.24965893163512157, 0.19485893163512158, 0.23895893163512158, 0.23315893163512158, 0.25855893163512156, 0.20615893163512156, 0.2563589316351216, 0.22915893163512158, 0.20395893163512158, 0.2598589316351216, 0.3156589316351216, 0.2901589316351216, 0.2925589316351216, 0.3222589316351216, 0.3694589316351216, 0.3145589316351216, 0.3086589316351216, 0.3328589316351216, 0.3583589316351216, 0.3560589316351216]","[126.01497961068993, 130.84432777823227, 130.8840764508486, 136.75479224738217, 146.77608043415916, 148.15736701503644, 149.54333375185493, 142.1288949403018, 148.25597550017852, 148.51442774220686, 148.3390986100165, 139.16121396580155, 147.3685355046874, 146.5963328630821, 151.52781523871107, 142.6673429852932, 152.13912132482872, 147.63317251343787, 143.38420328381412, 153.97988739500352, 164.88033932985354, 160.7919062745405, 161.65170019669569, 167.77653421469344, 177.47817018315797, 168.07748439179863, 167.4699360616651, 172.66596383234597, 178.2491595982724, 178.4690701183595]"
R_easy_017,rollout,easy,E_easy_017,,,,,,,,"[-0.0346, -0.0325, 0.0001, -0.0473, 0.0048, 0.0559, -0.0242, 0.0546, -0.0275, -0.0502, 0.0273, 0.0452, -0.0359, -0.0358, -0.0346, 0.0276, 0.0002, -0.0272, -0.0252, 0.0359, 0.0558, 0.0345, 0.0024, -0.0503, -0.0328, 0.0251, 0.0241, 0.0442, 0.0455, 0.0477]","[0.1253728856201154, 0.09287288562011539, 0.0929728856201154, 0.04567288562011539, 0.05047288562011539, 0.10637288562011539, 0.08217288562011539, 0.1367728856201154, 0.10927288562011539, 0.05907288562011539, 0.08637288562011539, 0.13157288562011538, 0.09567288562011537, 0.059872885620115376, 0.025272885620115378, 0.05287288562011538, 0.053072885620115376, 0.025872885620115377, 0.0006728856201153773, 0.036572885620115375, 0.09237288562011538, 0.1268728856201154, 0.1292728856201154, 0.07897288562011541, 0.04617288562011541, 0.07127288562011541, 0.09537288562011541, 0.1395728856201154, 0.18507288562011542, 0.23277288562011542]","[119.84079669080968, 115.39285238308965, 115.39387624126095, 108.93158684738003, 109.6313847001176, 117.97059022558089, 114.62971509802817, 122.84177388536311, 119.01871093398006, 112.06279956261808, 116.15643396695482, 122.9946490244952, 117.96751284498123, 112.95923344286265, 108.12272011337683, 112.26954908202103, 112.27625116910517, 108.4586760927045, 104.92322170152222, 110.32379094170277, 118.80545149010236, 124.08279190938457, 124.42062000784594, 117.2690981332334, 112.60146699013605, 116.4197292791202, 120.10014212860948, 126.91951191512052, 134.12729565838603, 141.9390284510846]"
R_medium_018,rollout,medium,E_medium_000,,,,,,,,"[-0.0396, 0.0625, -0.0349, 0.0677, -0.0552, -0.0291, 0.0508, -0.0304, -0.0125, -0.0002, -0.0377, 0.0202, 0.0391, 0.0392, -0.0196, -0.0024, -0.0348, -0.0322, -0.0302, 0.0709, 0.0508, 0.0495, 0.0024, -0.0003, -0.0028, -0.0049, -0.0059, -0.0408, -0.0395, 0.0627]","[0.0940430751084044, 0.1565430751084044, 0.1216430751084044, 0.1893430751084044, 0.1341430751084044, 0.1050430751084044, 0.1558430751084044, 0.12544307510840438, 0.11294307510840439, 0.11274307510840438, 0.07504307510840438, 0.09524307510840438, 0.13434307510840438, 0.1735430751084044, 0.15394307510840438, 0.15154307510840437, 0.11674307510840437, 0.08454307510840436, 0.05434307510840436, 0.12524307510840438, 0.1760430751084044, 0.22554307510840438, 0.2279430751084044, 0.2276430751084044, 0.2248430751084044, 0.2199430751084044, 0.21404307510840442, 0.17324307510840442, 0.1337430751084044, 0.19644307510840442]","[124.80216915681918, 137.6890326953717, 131.8488147977992, 146.51565643864106, 137.05518791350661, 132.05088898103028, 142.8555855628627, 137.53479052058384, 135.31225379083892, 135.21356784824098, 128.6559560130852, 132.86701221885397, 141.1908530681588, 149.955930931204, 146.42591674332203, 145.93435072374717, 139.66816904347402, 133.87877229998008, 128.4573003228712, 143.81232779332086, 155.3995273293293, 167.5735568768585, 168.96026195206306, 169.7229280822827, 169.96896439037, 169.74395714906808, 169.24482232548172, 161.50500236977896, 153.76609196243712, 168.94951911733693]"
R_medium_019,rollout,medium,E_medium_001,,,,,,,,"[-0.0196, -0.0625, -0.0149, 0.0477, 0.0298, 0.0509, 0.0508, -0.0304, 0.0675, -0.0352, 0.0223, -0.0648, 0.0591, -0.0408, -0.0646, -0.0024, -0.0348, -0.0322, 0.0298, -0.0091, 0.0708, -0.0105, 0.0274, -0.0003, 0.0222, 0.0201, -0.0059, 0.0592, -0.0395, -0.0373]","[0.16411014959759695, 0.10161014959759695, 0.08671014959759696, 0.13441014959759695, 0.16421014959759694, 0.21511014959759694, 0.26591014959759696, 0.23551014959759695, 0.303010149597597, 0.26781014959759697, 0.29011014959759696, 0.22531014959759696, 0.284410149597597, 0.24361014959759697, 0.17901014959759698, 0.17661014959759697, 0.14181014959759697, 0.10961014959759696, 0.13941014959759696, 0.13031014959759696, 0.20111014959759696, 0.19061014959759695, 0.21801014959759696, 0.21771014959759696, 0.23991014959759696, 0.26001014959759694, 0.2541101495975969, 0.31331014959759695, 0.273810149597597, 0.23651014959759697]","[132.7335927878664, 123.10126632127475, 120.78920112611107, 129.3811238734853, 134.91330992393577, 144.84087777120075, 155.37549839083147, 151.0776219576227, 165.41772245636994, 160.45661980997514, 165.96861390889947, 155.5296191664319, 168.3962582722527, 162.00750104412828, 150.95441224363822, 150.66394881052486, 144.564429361859, 138.92714840037414, 144.7857897691555, 143.13589843720447, 157.7243254251431, 156.0900677777739, 162.1497547679311, 162.52944873206064, 167.7569665706217, 172.7598771282585, 172.41432542955062, 186.3428129419176, 179.85755339668455, 173.43027490048706]"
R_medium_020,rollout,medium,E_medium_002,,,,,,,,"[-0.0196, -0.0025, -0.0349, -0.0573, 0.0298, 0.0309, 0.0308, -0.0554, -0.0125, -0.0352, 0.0423, 0.0402, -0.0409, 0.0192, -0.0396, -0.0174, -0.0348, 0.0028, 0.0498, 0.0709, -0.0292, 0.0045, 0.0274, 0.0647, 0.0222, -0.0399, 0.0191, -0.0208, 0.0605, -0.0173]","[0.1585024578453902, 0.15600245784539019, 0.12110245784539019, 0.06380245784539018, 0.09360245784539017, 0.12450245784539017, 0.15530245784539018, 0.09990245784539017, 0.08740245784539018, 0.052202457845390175, 0.09450245784539017, 0.13470245784539017, 0.09380245784539018, 0.11300245784539018, 0.07340245784539018, 0.05600245784539018, 0.021202457845390182, 0.024002457845390183, 0.07380245784539018, 0.14470245784539018, 0.11550245784539018, 0.12000245784539018, 0.1474024578453902, 0.21210245784539017, 0.23430245784539017, 0.19440245784539018, 0.21350245784539018, 0.1927024578453902, 0.2532024578453902, 0.23590245784539018]","[152.64597326457564, 152.05807475271152, 143.5265165772701, 129.60123356358184, 138.35161303020783, 147.59899128772545, 157.07185088632804, 143.0719413004048, 139.85489309372895, 130.96897884828428, 143.7350618878552, 156.16951997353442, 145.49562942422432, 151.40191226549678, 141.0144992001743, 136.40759606259508, 127.31543779733529, 128.07937512403643, 143.41300597011738, 166.0942573800587, 158.0369237311314, 159.3689963760286, 168.23020133438803, 190.95607414188106, 199.96101698937642, 189.05295874758497, 196.62226940366, 191.07847374622668, 214.34515526880256, 210.41668621671795]"
R_medium_021,rollout,medium,E_medium_003,,,,,,,,"[-0.0396, -0.0025, -0.0349, 0.0277, -0.0102, -0.0291, 0.0058, -0.0104, -0.0325, 0.0448, 0.0423, -0.0398, -0.0659, -0.0208, 0.0404, 0.0426, -0.0348, 0.0478, -0.0552, -0.0091, 0.0708, -0.0305, -0.0326, -0.0003, 0.0222, 0.0601, 0.0591, -0.0658, -0.0395, 0.0427]","[0.31403813028916355, 0.31153813028916355, 0.27663813028916356, 0.30433813028916357, 0.2941381302891636, 0.26503813028916356, 0.2708381302891636, 0.26043813028916357, 0.22793813028916357, 0.27273813028916355, 0.31503813028916355, 0.27523813028916355, 0.20933813028916354, 0.18853813028916355, 0.22893813028916354, 0.2715381302891635, 0.23673813028916352, 0.2845381302891635, 0.22933813028916353, 0.22023813028916353, 0.29103813028916353, 0.2605381302891635, 0.22793813028916352, 0.22763813028916352, 0.24983813028916352, 0.3099381302891635, 0.3690381302891635, 0.30323813028916347, 0.2637381302891635, 0.3064381302891635]","[212.68472879435004, 214.89074131105627, 207.43599794304495, 219.73473989328735, 219.3103121262327, 212.8177595715475, 216.8418516615961, 215.54911254281762, 207.09094943163458, 225.2693679352141, 243.89399384733548, 233.476557239344, 213.54109741127107, 207.4043890123048, 223.6365797480461, 241.90401312434747, 231.7149887273347, 252.6598319888132, 235.1242494358308, 232.94577001775374, 263.73911136775894, 254.70116983653207, 244.25927046265036, 245.15061825853155, 255.7194264137251, 283.7374686096056, 313.5544689878212, 291.0049445588619, 277.56363592942046, 299.0551702096159]"
R_medium_022,rollout,medium,E_medium_004,,,,,,,,"[0.0204, -0.0175, 0.0451, 0.0477, 0.0498, -0.0291, -0.0092, 0.0296, 0.0025, -0.0352, 0.0623, -0.0648, 0.0391, -0.0658, -0.0396, -0.0024, -0.0598, -0.0572, -0.0552, 0.0059, 0.0508, -0.0555, 0.0274, 0.0447, -0.0378, -0.0399, 0.0591, 0.0392, -0.0045, 0.0427]","[0.22201190224425493, 0.20451190224425492, 0.24961190224425492, 0.2973119022442549, 0.3471119022442549, 0.3180119022442549, 0.3088119022442549, 0.33841190224425494, 0.34091190224425494, 0.30571190224425493, 0.36801190224425495, 0.303211902244255, 0.342311902244255, 0.27651190224425504, 0.23691190224425504, 0.23451190224425503, 0.17471190224425504, 0.11751190224425503, 0.062311902244255035, 0.06821190224425504, 0.11901190224425504, 0.06351190224425504, 0.09091190224425505, 0.13561190224425504, 0.09781190224425504, 0.05791190224425504, 0.11701190224425503, 0.15621190224425502, 0.15171190224425501, 0.19441190224425503]","[175.103607424224, 172.02654551672845, 186.28831528157005, 202.61843665305955, 221.10901964546917, 216.9178019144082, 217.29999665083227, 229.85255646015887, 233.94012692470835, 227.41064172905536, 251.77227399775373, 236.74053493451908, 253.2326255875295, 236.77751228511744, 226.85102738883216, 227.31706335102535, 210.57536039441996, 194.2642925218825, 178.6053381297039, 180.35208388456877, 196.90806950117485, 180.974436726914, 189.8405472481548, 204.64529792107209, 193.5353985142189, 181.87360482531975, 201.54122892422728, 214.88102968998083, 213.35414947165498, 228.70740763185904]"
R_medium_023,rollout,medium,E_medium_005,,,,,,,,"[-0.0046, -0.0175, 0.0451, 0.0677, 0.0498, -0.0291, -0.0292, 0.0296, -0.0125, 0.0248, -0.0027, -0.0048, 0.0391, 0.0192, -0.0646, -0.0624, 0.0252, 0.0028, -0.0302, -0.0091, 0.0508, 0.0495, 0.0024, -0.0153, -0.0178, -0.0049, -0.0209, -0.0058, 0.0205, -0.0623]","[0.10328045990875126, 0.08578045990875126, 0.13088045990875125, 0.19858045990875123, 0.24838045990875124, 0.21928045990875122, 0.19008045990875122, 0.21968045990875124, 0.20718045990875122, 0.2319804599087512, 0.2292804599087512, 0.2244804599087512, 0.26358045990875123, 0.2827804599087512, 0.21818045990875123, 0.15578045990875122, 0.18098045990875122, 0.18378045990875122, 0.15358045990875122, 0.14448045990875122, 0.1952804599087512, 0.2447804599087512, 0.2471804599087512, 0.2318804599087512, 0.2140804599087512, 0.2091804599087512, 0.1882804599087512, 0.1824804599087512, 0.2029804599087512, 0.1406804599087512]","[132.51885544319478, 128.73032670780572, 140.65722791663086, 159.89089914365238, 175.5342878092022, 169.74479775313355, 163.4386537285995, 172.9816777508591, 170.7566768230875, 179.23803442961767, 179.67258700364755, 179.50797659723378, 193.1004986508794, 201.0989637639839, 185.47633562273106, 169.45889879269808, 177.51835778275498, 178.7271930352294, 170.82488501916035, 168.33952308950046, 184.67476785342237, 201.83274201070745, 203.94383110949892, 200.84413248709475, 196.74889613306323, 196.09598232233552, 190.7155163205073, 189.4011485371847, 196.72399882673602, 179.22227674358356]"
R_medium_024,rollout,medium,E_medium_006,,,,,,,,"[-0.0196, 0.0225, -0.0599, 0.0277, 0.0048, 0.0509, -0.0292, 0.0496, 0.0675, -0.0602, -0.0627, -0.0198, 0.0391, -0.0408, 0.0604, 0.0426, 0.0452, 0.0028, 0.0698, -0.0541, -0.0092, -0.0105, 0.0674, -0.0003, 0.0422, -0.0399, 0.0591, -0.0058, -0.0045, 0.0627]","[0.0396, 0.0621, 0.0022000000000000006, 0.0299, 0.0347, 0.08560000000000001, 0.056400000000000006, 0.10600000000000001, 0.17350000000000002, 0.11330000000000001, 0.050600000000000006, 0.030800000000000004, 0.0699, 0.0291, 0.0895, 0.1321, 0.17729999999999999, 0.18009999999999998, 0.24989999999999998, 0.19579999999999997, 0.1866, 0.17609999999999998, 0.2435, 0.2432, 0.2854, 0.2455, 0.3046, 0.29879999999999995, 0.29429999999999995, 0.357]","[112.49498091000886, 117.24791856491112, 106.20752700338824, 112.04622668185235, 113.0402831612631, 123.99221320707498, 118.46590360852365, 129.28898408138312, 144.60024531575345, 132.85155887880882, 120.65082385551494, 116.7717163223915, 125.41450851534215, 117.39655960139945, 130.92024368622558, 140.63343511429215, 151.36054237417963, 152.20389919643833, 169.8277784653942, 158.85922465458586, 157.16584327534508, 155.10108112565499, 172.3732852436848, 173.08670232271484, 184.94739468329374, 176.99980637034824, 193.62398396785207, 193.69049637348286, 193.98283541881312, 212.79008473359255]"
R_medium_025,rollout,medium,E_medium_007,,,,,,,,"[-0.0046, -0.0175, -0.0149, -0.0123, -0.0552, -0.0291, 0.0308, -0.0104, -0.0325, -0.0002, 0.0423, -0.0398, 0.0391, 0.0592, 0.0204, 0.0226, -0.0598, 0.0678, -0.0102, 0.0709, 0.0058, -0.0555, -0.0576, 0.0247, -0.0028, -0.0649, 0.0191, 0.0392, -0.0045, -0.0023]","[0.2107286426698442, 0.1932286426698442, 0.1783286426698442, 0.16602864266984418, 0.11082864266984419, 0.08172864266984418, 0.11252864266984419, 0.1021286426698442, 0.0696286426698442, 0.06942864266984419, 0.1117286426698442, 0.0719286426698442, 0.11102864266984419, 0.1702286426698442, 0.1906286426698442, 0.2132286426698442, 0.1534286426698442, 0.2212286426698442, 0.21102864266984422, 0.28192864266984424, 0.2877286426698442, 0.23222864266984422, 0.17462864266984424, 0.19932864266984424, 0.19652864266984424, 0.13162864266984425, 0.15072864266984426, 0.18992864266984427, 0.18542864266984427, 0.18312864266984427]","[153.6574664508119, 151.06172088234746, 148.7288125860633, 146.7007845531146, 136.96873370417075, 131.8232190984363, 138.44038443317783, 136.5473577430629, 130.75752090217415, 130.66969031097878, 139.8280354314373, 132.65946423755238, 141.19601335837797, 154.69154306911287, 159.78310287757608, 165.72652158882818, 154.41485185526227, 171.11788103807316, 169.7917262070019, 188.6699771785519, 191.81536464283604, 181.49018237351783, 169.9765260193609, 176.55695271321056, 176.41969911970367, 162.98888136938547, 167.58938172738482, 177.72196853302478, 177.07487892968126, 176.85759392649996]"
R_medium_026,rollout,medium,E_medium_008,,,,,,,,"[-0.0046, 0.0625, -0.0149, 0.0027, -0.0102, -0.0091, -0.0542, 0.0496, 0.0475, -0.0352, -0.0177, 0.0402, -0.0659, -0.0058, -0.0046, 0.0226, -0.0348, 0.0278, -0.0102, 0.0309, -0.0542, 0.0045, 0.0024, -0.0353, -0.0378, -0.0399, -0.0209, -0.0658, 0.0605, -0.0173]","[0.22072941120010964, 0.28322941120010964, 0.2683294112001096, 0.2710294112001096, 0.2608294112001096, 0.2517294112001096, 0.1975294112001096, 0.24712941120010962, 0.2946294112001096, 0.2594294112001096, 0.2417294112001096, 0.2819294112001096, 0.2160294112001096, 0.2102294112001096, 0.2056294112001096, 0.22822941120010962, 0.19342941120010962, 0.2212294112001096, 0.2110294112001096, 0.2419294112001096, 0.1877294112001096, 0.1922294112001096, 0.19462941120010963, 0.15932941120010963, 0.12152941120010963, 0.08162941120010964, 0.060729411200109634, 0.0, 0.0605, 0.0432]","[156.210245165104, 171.4446084518824, 169.672632806138, 171.3879348347163, 170.3958196597029, 169.5052562881505, 159.23808383880464, 171.52311711054668, 184.08512137900132, 177.8661338972695, 175.00032803346727, 185.86382111772156, 172.6110423930908, 171.82305646885428, 171.23741248441252, 177.31812926152574, 170.21862223162125, 177.5273569795081, 175.76542505398265, 184.13222327414047, 172.59797811162173, 173.9414375504596, 174.78807943669085, 167.0636324037753, 158.74495084805534, 150.00762416661533, 145.38647026452554, 132.23007471227356, 146.64813079474064, 142.77312969812294]"
R_medium_027,rollout,medium,E_medium_009,,,,,,,,"[0.0404, -0.0375, 0.0001, 0.0677, 0.0048, -0.0091, 0.0058, -0.0554, 0.0675, -0.0152, -0.0377, -0.0198, 0.0591, -0.0658, 0.0404, 0.0226, 0.0452, 0.0678, 0.0498, 0.0509, -0.0542, 0.0045, -0.0126, -0.0153, 0.0222, 0.0601, -0.0059, -0.0408, -0.0395, -0.0173]","[0.16109012941004777, 0.12359012941004777, 0.12369012941004777, 0.19139012941004777, 0.19619012941004776, 0.18709012941004777, 0.19289012941004777, 0.13749012941004776, 0.20499012941004777, 0.18979012941004778, 0.1520901294100478, 0.13229012941004778, 0.1913901294100478, 0.1255901294100478, 0.1659901294100478, 0.1885901294100478, 0.2337901294100478, 0.3015901294100478, 0.3513901294100478, 0.4, 0.3458, 0.3503, 0.3377, 0.3224, 0.3446, 0.4, 0.3941, 0.3533, 0.3138, 0.29650000000000004]","[153.6177973663908, 145.72581222536337, 145.66214127884447, 164.0127755807233, 165.87630540603183, 164.34284983509778, 166.4282460168519, 154.30076740845269, 173.3984826660936, 170.45339367875508, 161.92496197560533, 157.38258585451499, 174.24517780805425, 159.0952444907344, 170.4848873274458, 177.3280203507254, 191.5797552675739, 214.28193332100807, 233.1406147723341, 253.38579685710695, 242.119364131196, 246.8504346429398, 246.37400530141608, 244.78765592343132, 255.41274046123732, 279.36044493985315, 281.7393294149229, 272.7098039873601, 263.1512493396445, 259.93548193950795]"
R_medium_028,rollout,medium,E_medium_010,,,,,,,,"[0.0404, 0.0625, 0.0001, 0.0277, -0.0302, 0.0509, 0.0308, 0.0496, 0.0675, -0.0152, -0.0627, -0.0398, -0.0059, 0.0592, -0.0196, 0.0426, 0.0002, -0.0322, -0.0102, 0.0309, 0.0308, 0.0045, -0.0326, 0.0247, -0.0378, 0.0601, -0.0409, -0.0658, -0.0045, -0.0023]","[0.07729259571318431, 0.1397925957131843, 0.1398925957131843, 0.1675925957131843, 0.1373925957131843, 0.1882925957131843, 0.2190925957131843, 0.26869259571318427, 0.3361925957131843, 0.3209925957131843, 0.2582925957131843, 0.2184925957131843, 0.2125925957131843, 0.2717925957131843, 0.2521925957131843, 0.2947925957131843, 0.29499259571318426, 0.26279259571318425, 0.25259259571318426, 0.28349259571318425, 0.31429259571318424, 0.31879259571318425, 0.28619259571318423, 0.3108925957131842, 0.2730925957131842, 0.3331925957131842, 0.2922925957131842, 0.22649259571318422, 0.22199259571318422, 0.21969259571318422]","[134.5799381188135, 153.10046413747838, 153.05333651190438, 161.7111271376847, 154.0897901805179, 170.40224716038034, 181.26303770654806, 199.5106639436843, 226.0153342730801, 224.83208099202605, 208.763634109081, 198.37115033440668, 197.5435970730065, 220.47477619390125, 216.23261612746174, 234.27624838144243, 236.7883321445465, 228.55571476909705, 226.92339542945268, 240.8176469419441, 255.5937074171947, 260.28412320303136, 251.63847620869362, 264.2505174545306, 253.25747386528647, 281.1235364025567, 268.9224919373824, 246.50497619185805, 245.79150145147688, 245.81405589266353]"
R_medium_029,rollout,medium,E_medium_011,,,,,,,,"[0.0404, 0.0225, -0.0149, 0.0277, 0.0298, 0.0509, -0.0292, -0.0304, 0.0025, -0.0352, 0.0223, -0.0048, -0.0409, 0.0192, -0.0396, -0.0374, 0.0252, 0.0278, 0.0698, -0.0541, -0.0542, 0.0695, -0.0326, -0.0353, -0.0178, -0.0049, 0.0391, 0.0392, 0.0205, -0.0373]","[0.2583970381394235, 0.2808970381394235, 0.2659970381394235, 0.2936970381394235, 0.3234970381394235, 0.3743970381394235, 0.3451970381394235, 0.3147970381394235, 0.3172970381394235, 0.2820970381394235, 0.3043970381394235, 0.29959703813942345, 0.25869703813942346, 0.27789703813942346, 0.23829703813942346, 0.20089703813942345, 0.22609703813942345, 0.25389703813942344, 0.3236970381394234, 0.26959703813942343, 0.21539703813942343, 0.28489703813942346, 0.25229703813942345, 0.21699703813942345, 0.19919703813942344, 0.19429703813942345, 0.23339703813942345, 0.27259703813942343, 0.29309703813942345, 0.25579703813942345]","[160.6924215147807, 167.3207543905594, 166.1306653198143, 174.22912341439556, 183.40323787222556, 198.6325503354702, 195.65134186257882, 191.86950489944033, 194.61244701245582, 189.23519238464317, 196.68655297496775, 197.5474530334285, 190.40247069259775, 196.7573277450192, 189.43206562274327, 182.05320896965753, 189.21404816037068, 197.5080805514011, 218.08902468792854, 207.4241500311964, 195.95834287311115, 216.19727887160764, 209.80717665178963, 202.29970391896865, 198.5806068111986, 197.7654244848178, 209.26088881793893, 221.51856302480127, 228.95656748674244, 221.0495465097322]"
R_medium_030,rollout,medium,E_medium_012,,,,,,,,"[0.0404, -0.0175, -0.0149, -0.0323, 0.0298, -0.0091, -0.0092, -0.0304, 0.0475, 0.0648, -0.0027, 0.0202, 0.0391, 0.0592, 0.0204, 0.0426, 0.0252, 0.0028, -0.0302, -0.0541, -0.0542, 0.0045, 0.0024, -0.0153, -0.0028, -0.0049, 0.0391, -0.0658, -0.0395, 0.0427]","[0.14241648065548335, 0.12491648065548334, 0.11001648065548335, 0.07771648065548334, 0.10751648065548333, 0.09841648065548333, 0.08921648065548334, 0.05881648065548334, 0.10631648065548334, 0.17111648065548335, 0.16841648065548334, 0.18861648065548334, 0.22771648065548333, 0.28691648065548336, 0.30731648065548334, 0.3499164806554833, 0.3751164806554833, 0.37791648065548333, 0.34771648065548333, 0.29361648065548335, 0.23941648065548335, 0.24391648065548335, 0.24631648065548337, 0.23101648065548336, 0.22821648065548336, 0.22331648065548337, 0.2624164806554834, 0.1966164806554834, 0.1571164806554834, 0.1998164806554834]","[143.93016091974255, 140.27643184139967, 137.16224317376478, 130.4683366956927, 137.7413579537297, 135.80670695259437, 133.85306194747017, 127.50420319372087, 139.18534997229176, 155.80613512147576, 155.37053964347606, 160.9860060845922, 172.15015624496544, 189.8553474310266, 197.50875048120756, 212.2653657567267, 222.69151272216297, 226.66151041566434, 221.83907269932163, 210.12015395955422, 197.51223477952175, 199.87050039441587, 201.64030293917148, 198.5918358824585, 198.68378936137097, 198.1681433804626, 211.29941526819437, 194.48245131388285, 184.0961621363422, 197.48213719643164]"
R_medium_031,rollout,medium,E_medium_013,,,,,,,,"[0.0604, -0.0375, 0.0651, -0.0323, 0.0298, 0.0509, -0.0292, -0.0104, 0.0675, -0.0352, -0.0027, -0.0048, -0.0409, 0.0392, 0.0404, -0.0174, 0.0452, -0.0322, -0.0552, 0.0059, 0.0708, -0.0555, -0.0326, -0.0003, 0.0422, -0.0649, -0.0209, 0.0192, -0.0195, -0.0373]","[0.0938, 0.056299999999999996, 0.12140000000000001, 0.08910000000000001, 0.1189, 0.1698, 0.1406, 0.1302, 0.19770000000000001, 0.1625, 0.1598, 0.155, 0.11410000000000001, 0.1533, 0.19369999999999998, 0.17629999999999998, 0.22149999999999997, 0.18929999999999997, 0.13409999999999997, 0.13999999999999996, 0.21079999999999996, 0.15529999999999997, 0.12269999999999998, 0.12239999999999998, 0.16459999999999997, 0.09969999999999997, 0.07879999999999997, 0.09799999999999996, 0.07849999999999996, 0.04119999999999996]","[126.77304058972169, 120.12599221149594, 134.04916380492836, 128.19581041481345, 134.63415842003687, 146.07597289131058, 140.63055041057612, 138.657731322735, 154.35717330857312, 147.77497061965997, 147.2996889986121, 146.3782755274279, 138.6008838394463, 147.48094628691206, 157.23000971005644, 154.06045184348176, 165.42885040168375, 159.4089116992104, 148.42871732795638, 149.7293221058512, 167.19682809938104, 155.9379846848312, 149.27169576289566, 149.12003438035433, 159.29865601052433, 145.99020594582626, 141.6556503677435, 146.13441251386894, 142.06889907089828, 134.39519682437015]"
R_medium_032,rollout,medium,E_medium_014,,,,,,,,"[0.0404, -0.0375, -0.0149, -0.0323, -0.0302, 0.0709, -0.0092, -0.0304, 0.0475, -0.0152, -0.0627, -0.0398, 0.0391, 0.0392, -0.0396, 0.0626, 0.0452, 0.0478, -0.0302, -0.0541, 0.0508, -0.0105, 0.0274, 0.0447, -0.0378, 0.0401, 0.0591, 0.0192, -0.0395, 0.0427]","[0.19532023775434418, 0.15782023775434417, 0.14292023775434418, 0.11062023775434418, 0.08042023775434418, 0.15132023775434417, 0.14212023775434418, 0.11172023775434418, 0.15922023775434418, 0.1440202377543442, 0.08132023775434419, 0.041520237754344186, 0.08062023775434418, 0.11982023775434418, 0.08022023775434417, 0.14282023775434416, 0.18802023775434415, 0.23582023775434416, 0.20562023775434415, 0.15152023775434414, 0.20232023775434416, 0.19182023775434415, 0.21922023775434415, 0.26392023775434414, 0.22612023775434414, 0.2662202377543441, 0.3253202377543441, 0.3445202377543441, 0.3050202377543441, 0.34772023775434413]","[161.23166394899565, 152.20030103084068, 148.53298458474154, 140.67938135910967, 133.3469697301858, 153.76645246789454, 151.41453821570744, 143.8462320824562, 157.87070762437455, 153.97420629984651, 138.2265550472432, 128.23404616974273, 139.53722601953024, 151.09695978433498, 140.89108866361312, 159.6739592479754, 174.07696918374697, 190.3679022947309, 182.7876287580372, 167.97401411840224, 184.83866825263542, 182.33724594782186, 192.11409266100253, 208.57270895231366, 198.60020486709402, 213.80892885485383, 237.1447918852397, 247.0024693286552, 236.95899544156023, 255.66029485112506]"
R_medium_033,rollout,medium,E_medium_015,,,,,,,,"[0.0604, 0.0625, -0.0349, -0.0123, -0.0302, 0.0709, -0.0542, -0.0304, 0.0475, -0.0352, -0.0027, -0.0198, 0.0591, 0.0192, -0.0396, -0.0024, -0.0348, 0.0278, -0.0102, 0.0509, -0.0542, -0.0305, 0.0274, -0.0003, -0.0028, -0.0649, -0.0209, 0.0392, -0.0645, -0.0173]","[0.3624882300417855, 0.4, 0.36510000000000004, 0.35280000000000006, 0.32260000000000005, 0.39350000000000007, 0.33930000000000005, 0.30890000000000006, 0.35640000000000005, 0.32120000000000004, 0.31850000000000006, 0.2987000000000001, 0.35780000000000006, 0.37700000000000006, 0.33740000000000003, 0.335, 0.3002, 0.328, 0.3178, 0.3687, 0.3145, 0.28400000000000003, 0.3114, 0.3111, 0.30829999999999996, 0.24339999999999995, 0.22249999999999995, 0.26169999999999993, 0.19719999999999993, 0.17989999999999992]","[187.4221531752998, 200.62585067426065, 196.2927529925413, 196.17791296520534, 192.0080084683608, 212.62188040295925, 203.35852334334382, 198.61408677271896, 213.1991311301395, 207.34628535849248, 208.55722281602735, 205.69226013336998, 223.84797487904348, 231.71405169519196, 224.4925249447239, 225.92548536573915, 219.18063637004573, 228.86305025088086, 228.13494525688, 245.20729778867016, 233.34331268899427, 226.9709670397261, 236.61241932789432, 238.16885301223087, 239.03920935237403, 223.00415942962758, 218.134404103446, 230.77239023226494, 214.08193933837626, 209.63740108881908]"
R_medium_034,rollout,medium,E_medium_016,,,,,,,,"[-0.0396, 0.0425, 0.0451, -0.0123, 0.0048, -0.0291, 0.0708, 0.0696, 0.0675, -0.0352, -0.0627, -0.0398, -0.0659, -0.0408, -0.0646, 0.0626, -0.0598, -0.0322, 0.0698, 0.0059, 0.0508, 0.0295, 0.0474, 0.0247, -0.0028, 0.0201, -0.0059, -0.0208, -0.0045, -0.0373]","[0.11929999999999999, 0.1618, 0.2069, 0.1946, 0.1994, 0.1703, 0.2411, 0.3107, 0.3782, 0.34299999999999997, 0.2803, 0.2405, 0.17459999999999998, 0.13379999999999997, 0.06919999999999997, 0.13179999999999997, 0.07199999999999998, 0.03979999999999998, 0.10959999999999998, 0.11549999999999998, 0.16629999999999998, 0.19579999999999997, 0.24319999999999997, 0.26789999999999997, 0.26509999999999995, 0.28519999999999995, 0.27929999999999994, 0.25849999999999995, 0.25399999999999995, 0.21669999999999995]","[135.61538056266866, 147.33330924138204, 160.7140851623442, 158.4100803312945, 160.38891387323307, 153.7900275465264, 175.57256670927936, 199.12154611717364, 224.3350823021874, 218.13255046108756, 203.2863930501639, 193.77966477628263, 176.2355488381851, 165.1447754060516, 147.760350415774, 167.1411818266109, 150.76949296944508, 141.93242823556633, 163.67653084244554, 165.39813262178748, 181.88082057951019, 192.05676306179015, 209.18394312886093, 219.24208706050578, 219.90828000346943, 228.81669166430868, 228.75642241088636, 223.78033840986558, 223.681016661538, 212.89013335477455]"
R_medium_035,rollout,medium,E_medium_017,,,,,,,,"[-0.0396, 0.0225, 0.0251, 0.0277, -0.0552, 0.0059, -0.0092, -0.0554, -0.0325, -0.0002, 0.0223, -0.0398, 0.0391, -0.0058, 0.0404, -0.0024, 0.0002, 0.0278, 0.0698, 0.0059, 0.0058, 0.0295, 0.0274, -0.0603, -0.0028, -0.0049, 0.0591, -0.0058, -0.0045, 0.0627]","[0.1511766449122315, 0.1736766449122315, 0.19877664491223151, 0.22647664491223152, 0.17127664491223152, 0.1771766449122315, 0.16797664491223152, 0.11257664491223152, 0.08007664491223151, 0.07987664491223151, 0.10217664491223151, 0.06237664491223151, 0.10147664491223152, 0.09567664491223152, 0.1360766449122315, 0.1336766449122315, 0.1338766449122315, 0.1616766449122315, 0.2314766449122315, 0.23737664491223148, 0.24317664491223148, 0.2726766449122315, 0.30007664491223146, 0.23977664491223147, 0.23697664491223147, 0.23207664491223148, 0.2911766449122315, 0.28537664491223147, 0.28087664491223147, 0.3435766449122315]","[144.22919155314077, 150.92936549352058, 158.95698462142204, 168.45351410988414, 156.3667591800837, 158.50446967545437, 156.66694214688565, 144.07458852950768, 136.67746049676467, 136.56985397260667, 142.89147023675307, 133.77230850562975, 144.9719962779485, 143.55578782840362, 155.40575443030738, 154.75452788316684, 154.72858831362947, 163.22193201637631, 186.3975695352602, 189.83810882047507, 193.38272731170758, 205.4199149444351, 217.63108929039535, 203.0866041405433, 203.83130342479637, 203.8946598663173, 227.21567416029848, 228.11975990886384, 229.26480253555894, 256.39665590782374]"
R_hard_036,rollout,hard,E_hard_000,,,,,,,,"[0.0254, 0.0525, 0.0801, -0.0473, -0.0452, 0.0059, 0.0058, 0.0596, 0.0825, 0.0798, -0.0277, -0.0048, 0.0491, 0.0492, -0.0546, -0.0274, 0.0802, -0.0222, -0.0202, 0.0859, 0.0858, 0.0595, 0.0324, -0.0503, -0.0278, -0.0299, 0.0491, -0.0308, 0.0505, -0.0273]","[0.365727079877854, 0.4, 0.4, 0.3527, 0.3075, 0.3134, 0.31920000000000004, 0.3788, 0.4, 0.4, 0.3723, 0.3675, 0.4, 0.4, 0.34540000000000004, 0.31800000000000006, 0.39820000000000005, 0.37600000000000006, 0.35580000000000006, 0.4, 0.4, 0.4, 0.4, 0.3497, 0.3219, 0.29200000000000004, 0.3411, 0.3103, 0.3608, 0.3335]","[310.8399502573211, 343.4698587114374, 367.7828640772499, 354.94841629767615, 340.42364434949855, 350.0430225381999, 359.9232946784276, 407.0621017392963, 442.07479988621594, 466.191948882997, 459.52137457210335, 465.3762057257081, 502.6190637484384, 521.3818120269492, 494.52798426577306, 483.19421953233916, 557.4842099397133, 551.4504827268903, 545.5023572599683, 600.3449123485449, 625.2630760539274, 645.6189209672159, 661.2814513674565, 627.0925241861023, 605.3306269559333, 581.924845402622, 620.3604264818053, 596.2501230757189, 635.7816270369972, 614.4111308361478]"
R_hard_037,rollout,hard,E_hard_001,,,,,,,,"[0.0504, 0.0275, 0.0301, -0.0473, 0.0848, 0.0859, -0.0442, -0.0204, 0.0825, -0.0252, -0.0277, -0.0298, 0.0491, 0.0492, -0.0046, 0.0776, -0.0248, -0.0222, -0.0202, -0.0191, 0.0058, -0.0455, 0.0324, 0.0547, -0.0528, 0.0251, -0.0059, -0.0058, 0.0255, 0.0277]","[0.11150089776017444, 0.13900089776017444, 0.16910089776017442, 0.12180089776017441, 0.20660089776017443, 0.2925008977601744, 0.2483008977601744, 0.2279008977601744, 0.3104008977601744, 0.2852008977601744, 0.2575008977601744, 0.22770089776017438, 0.27680089776017436, 0.3260008977601744, 0.3214008977601744, 0.3990008977601744, 0.3742008977601744, 0.3520008977601744, 0.3318008977601744, 0.3127008977601744, 0.31850089776017443, 0.27300089776017444, 0.30540089776017443, 0.3601008977601744, 0.3073008977601744, 0.3324008977601744, 0.3265008977601744, 0.3207008977601744, 0.34620089776017443, 0.37390089776017443]","[157.63711611272504, 167.36890715310713, 178.80846134409398, 166.13621692316255, 199.61141430434324, 238.92277196662812, 228.3416802471659, 224.2189085323669, 265.10989422584714, 260.86364359097564, 254.65894531096018, 246.64008773869358, 272.94259616804976, 302.1472350555644, 305.8284301184585, 354.281767587455, 351.8580895401812, 349.32550703317514, 346.6174633291045, 343.47485635628254, 351.83264913949535, 335.4041586037325, 358.12623407171503, 396.5491933591109, 376.37800506604566, 396.94445620433004, 399.46265032524855, 401.7505362235316, 423.7207826770654, 448.6427722226924]"
R_hard_038,rollout,hard,E_hard_002,,,,,,,,"[0.0754, -0.0025, -0.0499, 0.0577, 0.0048, 0.0059, -0.0192, 0.0046, -0.0475, 0.0298, -0.0527, 0.0502, 0.0491, -0.0308, -0.0296, -0.0274, 0.0802, 0.0328, -0.0202, -0.0441, -0.0442, 0.0345, 0.0824, 0.0297, -0.0528, 0.0501, -0.0309, 0.0492, -0.0545, -0.0023]","[0.4, 0.3975, 0.3476, 0.4, 0.4, 0.4, 0.3808, 0.3854, 0.33790000000000003, 0.3677, 0.31500000000000006, 0.3652000000000001, 0.4, 0.36920000000000003, 0.3396, 0.31220000000000003, 0.3924, 0.4, 0.3798, 0.3357, 0.2915, 0.32599999999999996, 0.4, 0.4, 0.3472, 0.3973, 0.3664, 0.4, 0.34550000000000003, 0.3432]","[355.142090855192, 363.9173876483278, 352.0579220428208, 391.3771452982828, 401.9501854848623, 412.6903193132227, 413.172305027589, 424.97023385204835, 410.1723382198672, 436.547160958966, 417.2362167357694, 456.90517803146184, 491.63485612074993, 483.8572308999872, 475.0758856495718, 466.0498843287697, 530.8405091452881, 549.99619508797, 545.3952106361255, 519.8611282838027, 494.2691455179826, 514.2447881745617, 557.0910941625864, 557.0910941625864, 526.5196758359957, 555.5277829981584, 537.6365552274832, 557.0910941625864, 525.5353688065412, 524.2036592961025]"
R_hard_039,rollout,hard,E_hard_003,,,,,,,,"[-0.0296, -0.0525, -0.0249, 0.0577, -0.0452, 0.0059, -0.0192, 0.0346, 0.0325, -0.0252, -0.0527, -0.0548, 0.0491, 0.0242, 0.0504, -0.0524, -0.0498, 0.0028, 0.0348, 0.0359, 0.0858, -0.0205, -0.0226, -0.0003, -0.0528, 0.0251, -0.0309, 0.0242, -0.0295, 0.0777]","[0.35900000000000004, 0.30650000000000005, 0.2816000000000001, 0.33930000000000005, 0.29410000000000003, 0.30000000000000004, 0.28080000000000005, 0.31540000000000007, 0.3479000000000001, 0.3227000000000001, 0.27000000000000013, 0.2152000000000001, 0.2643000000000001, 0.2885000000000001, 0.3389000000000001, 0.2865000000000001, 0.23670000000000008, 0.23950000000000007, 0.2743000000000001, 0.3102000000000001, 0.3960000000000001, 0.37550000000000006, 0.35290000000000005, 0.3526, 0.2998, 0.3249, 0.29400000000000004, 0.31820000000000004, 0.28870000000000007, 0.36640000000000006]","[325.6176518142142, 310.0383175942371, 304.26892125985944, 342.81631077274943, 328.1850358081455, 336.5723711170333, 332.3080306414608, 358.2131571994273, 384.9348518057541, 378.840330151289, 357.07020821207965, 332.0707845878266, 366.00574912431136, 385.91902917074805, 425.60135541658116, 401.9910550726039, 377.6488903584526, 382.1492277543519, 409.53742625639467, 439.75231839496166, 510.8887178407367, 506.83057978139624, 500.23118531522164, 507.229175099946, 478.9730179958222, 504.16510282130594, 488.8513841273763, 513.4535826449364, 498.30144525897856, 560.0849665428143]"
R_hard_040,rollout,hard,E_hard_004,,,,,,,,"[-0.0296, -0.0525, -0.0499, 0.0827, -0.0452, 0.0359, -0.0442, 0.0346, 0.0825, -0.0252, 0.0773, -0.0548, -0.0309, 0.0742, -0.0296, -0.0524, 0.0802, -0.0222, -0.0202, 0.0859, -0.0442, -0.0205, -0.0476, 0.0297, -0.0278, 0.0501, -0.0559, 0.0492, -0.0545, 0.0277]","[0.3161603705255337, 0.2636603705255337, 0.2137603705255337, 0.2964603705255337, 0.2512603705255337, 0.28716037052553367, 0.24296037052553365, 0.2775603705255337, 0.3600603705255337, 0.3348603705255337, 0.4, 0.3452, 0.3143, 0.3885, 0.3589, 0.3065, 0.3867, 0.3645, 0.3443, 0.4, 0.3558, 0.3353, 0.28769999999999996, 0.31739999999999996, 0.28959999999999997, 0.33969999999999995, 0.28379999999999994, 0.33299999999999996, 0.27849999999999997, 0.30619999999999997]","[284.49200054124526, 270.08740353333604, 253.92156740494008, 306.5217431353647, 292.3276548602048, 319.473294783931, 304.2357772798128, 330.72417998662456, 393.97796966258676, 390.379049994048, 451.0067583399176, 431.02884249984254, 421.6273200842352, 488.76376396218944, 481.37696749593624, 456.9363201424408, 532.3453196843147, 528.342860688885, 524.1167857405609, 590.5226118498521, 569.1141104714882, 562.8592124739954, 534.208595376891, 567.9891462540517, 553.0111485988147, 607.6945275896157, 569.7714909138382, 624.4600988581234, 585.7658000332802, 613.380759516345]"
R_hard_041,rollout,hard,E_hard_005,,,,,,,,"[-0.0296, -0.0525, 0.0301, -0.0223, -0.0452, 0.0609, -0.0442, 0.0846, -0.0475, -0.0502, -0.0277, -0.0048, -0.0059, -0.0558, -0.0046, -0.0274, 0.0302, 0.0328, 0.0048, 0.0059, -0.0442, -0.0455, -0.0226, 0.0797, 0.0772, 0.0751, -0.0309, -0.0308, -0.0045, 0.0777]","[0.3704, 0.3179, 0.34800000000000003, 0.32570000000000005, 0.2805, 0.34140000000000004, 0.2972, 0.38180000000000003, 0.33430000000000004, 0.2841, 0.2564, 0.2516, 0.2457, 0.1899, 0.18530000000000002, 0.1579, 0.18810000000000002, 0.2209, 0.2257, 0.2316, 0.1874, 0.14190000000000003, 0.11930000000000003, 0.199, 0.2762, 0.3513, 0.3204, 0.2896, 0.2851, 0.3628]","[372.46828331471414, 360.3457416934359, 391.30092967367625, 391.3185056896486, 377.7305883924996, 430.3363323220807, 416.5721537230151, 492.3008478379127, 477.08920366225755, 456.53836899955775, 446.3921085774982, 448.6233004145231, 449.845275988114, 419.4577702575752, 418.0786000563232, 402.28642347294897, 426.4469385863914, 454.90377194163364, 462.0552670037865, 470.43846528101926, 444.86158451130257, 416.69811160946904, 402.5309407735207, 467.2928168502434, 537.8589001993996, 600.219562096829, 579.9704803452547, 559.7869296025854, 556.8380342018706, 607.7556281208776]"
R_hard_042,rollout,hard,E_hard_006,,,,,,,,"[-0.0546, 0.0275, 0.0001, 0.0327, 0.0348, 0.0609, -0.0442, 0.0596, -0.0225, -0.0252, -0.0277, -0.0298, -0.0059, 0.0242, -0.0296, 0.0276, 0.0552, -0.0222, 0.0348, -0.0441, 0.0858, 0.0345, 0.0824, 0.0297, -0.0528, -0.0299, -0.0309, 0.0742, -0.0045, -0.0523]","[0.24505449613885258, 0.2725544961388526, 0.27265449613885256, 0.30535449613885257, 0.34015449613885257, 0.4, 0.3558, 0.4, 0.3775, 0.3523, 0.3246, 0.2948, 0.2889, 0.3131, 0.2835, 0.3111, 0.36629999999999996, 0.34409999999999996, 0.37889999999999996, 0.3348, 0.4, 0.4, 0.4, 0.4, 0.3472, 0.3173, 0.28640000000000004, 0.36060000000000003, 0.3561, 0.3038]","[318.0992411516853, 341.4608608365428, 347.77949333988977, 377.465011611909, 411.8426954623117, 470.20533250340344, 458.97968842010016, 511.5826392364784, 512.0849391202278, 508.81409537803654, 501.7865414802049, 491.2198095132827, 494.60584915640493, 523.0865786653515, 510.8485423012404, 542.5895573963907, 603.300839353885, 598.460211062282, 633.8743258892018, 603.5024613453996, 648.4059889702503, 648.4059889702503, 648.4059889702503, 648.4059889702503, 612.0423960470582, 591.4501341454782, 570.1691678324737, 621.2710351601411, 618.1718653087328, 582.1526245912528]"
R_hard_043,rollout,hard,E_hard_007,,,,,,,,"[0.0754, -0.0275, 0.0801, -0.0223, 0.0598, -0.0441, -0.0442, 0.0846, 0.0825, -0.0252, -0.0277, -0.0298, 0.0241, -0.0558, 0.0754, -0.0524, 0.0552, -0.0472, -0.0452, 0.0609, -0.0192, 0.0595, -0.0476, 0.0797, 0.0272, 0.0501, -0.0559, -0.0308, 0.0255, -0.0273]","[0.3122551352294989, 0.28475513522949886, 0.36485513522949886, 0.3425551352294989, 0.4, 0.3559, 0.3117, 0.3963, 0.4, 0.3748, 0.3471, 0.3173, 0.34140000000000004, 0.2856, 0.361, 0.3086, 0.3638, 0.3166, 0.2714, 0.3323, 0.3131, 0.3726, 0.32499999999999996, 0.4, 0.4, 0.4, 0.3441, 0.3133, 0.33880000000000005, 0.31150000000000005]","[260.03498963829077, 254.14194803905158, 298.88587191246563, 296.2412859526363, 333.8510581002415, 322.280294153618, 308.6859885574413, 362.24995269585054, 382.74273567568923, 377.9356703162103, 370.6397182108059, 361.0306852874114, 380.98669017574736, 356.85436791019293, 409.5530480106998, 386.55460323983914, 428.2747785771462, 407.1811364853512, 385.42133929507105, 430.78001423312037, 424.2566132817904, 471.8793334504582, 448.4302588818386, 510.4745606094349, 521.7953041012115, 536.1285452409431, 505.0087242733365, 489.01275018591036, 505.6086860525822, 487.9735988008873]"
R_hard_044,rollout,hard,E_hard_008,,,,,,,,"[0.0754, -0.0275, -0.0499, 0.0027, -0.0452, 0.0859, -0.0192, 0.0346, 0.0575, -0.0002, -0.0027, 0.0252, 0.0491, 0.0492, -0.0546, -0.0024, -0.0498, 0.0828, 0.0048, -0.0191, -0.0442, 0.0045, 0.0324, -0.0503, -0.0528, 0.0751, 0.0241, -0.0558, -0.0045, 0.0777]","[0.4, 0.3725, 0.3226, 0.3253, 0.28009999999999996, 0.366, 0.3468, 0.3814, 0.4, 0.39980000000000004, 0.39710000000000006, 0.4, 0.4, 0.4, 0.34540000000000004, 0.343, 0.2932, 0.376, 0.3808, 0.3617, 0.3175, 0.322, 0.3544, 0.3041, 0.25129999999999997, 0.32639999999999997, 0.3505, 0.29469999999999996, 0.29019999999999996, 0.36789999999999995]","[372.0908871945794, 371.0045800553085, 357.82074069710154, 366.690143667945, 352.5720006621262, 413.8120161624223, 413.3818919873112, 445.87603397228594, 476.7870192471745, 487.9789143348086, 497.68991857132, 515.1818174949757, 535.5853480866521, 555.9855581603406, 531.5944195889997, 538.1897511517068, 513.1654220044055, 575.8576791680937, 578.8342210207517, 566.9900648987173, 539.5810753388258, 542.3715833256927, 562.4632408311334, 531.2715626668227, 498.529602287586, 545.1000800239624, 560.0448005758487, 525.442501538701, 522.6519935518343, 570.8347647917336]"
R_hard_045,rollout,hard,E_hard_009,,,,,,,,"[-0.0296, -0.0275, 0.0301, 0.0027, -0.0202, 0.0859, -0.0192, 0.0596, -0.0475, -0.0502, 0.0273, -0.0548, -0.0059, 0.0742, -0.0546, -0.0274, 0.0552, 0.0328, 0.0048, -0.0191, 0.0358, -0.0455, -0.0226, 0.0547, 0.0522, -0.0299, -0.0059, -0.0558, -0.0295, -0.0523]","[0.3146, 0.28709999999999997, 0.3172, 0.31989999999999996, 0.29969999999999997, 0.38559999999999994, 0.36639999999999995, 0.4, 0.35250000000000004, 0.3023, 0.3296, 0.2748, 0.2689, 0.34309999999999996, 0.2885, 0.2611, 0.3163, 0.3491, 0.35390000000000005, 0.33480000000000004, 0.37060000000000004, 0.32510000000000006, 0.30250000000000005, 0.3572000000000001, 0.4, 0.37010000000000004, 0.3642, 0.3084, 0.27890000000000004, 0.22660000000000002]","[240.8777854652683, 236.7537059663563, 251.76553740286366, 256.8796674366118, 254.6864491265869, 294.17130572186505, 293.8528004612748, 317.1132263693021, 306.8065238188254, 293.882145331592, 309.7615937240917, 293.92855178601667, 294.4742160866684, 331.6862544201996, 315.1999572013957, 307.6355462904152, 336.516679786294, 356.6664756275922, 363.9150519293018, 360.82878058915423, 383.7761204108858, 369.4165480186771, 363.5744344459918, 396.10799078876454, 425.74233622306394, 418.052899723785, 420.6276489329719, 399.16850897779346, 388.5615364012338, 366.2674436322466]"
R_hard_046,rollout,hard,E_hard_010,,,,,,,,"[0.0754, -0.0025, 0.0001, -0.0473, -0.0202, -0.0191, 0.0358, -0.0204, -0.0225, -0.0002, -0.0027, 0.0252, -0.0559, 0.0742, -0.0046, -0.0524, 0.0552, 0.0578, -0.0452, -0.0441, -0.0442, -0.0455, 0.0824, 0.0797, -0.0528, 0.0251, -0.0559, 0.0492, 0.0255, -0.0273]","[0.4, 0.3975, 0.3976, 0.3503, 0.3301, 0.311, 0.3468, 0.3264, 0.3039, 0.3037, 0.30100000000000005, 0.32620000000000005, 0.27030000000000004, 0.34450000000000003, 0.33990000000000004, 0.28750000000000003, 0.3427, 0.4, 0.3548, 0.3107, 0.26649999999999996, 0.22099999999999997, 0.3034, 0.3831, 0.3303, 0.3554, 0.2995, 0.3487, 0.37420000000000003, 0.34690000000000004]","[331.0377391287495, 340.15593660375697, 350.1669550556184, 340.5373747027016, 339.65669265128554, 338.17308130332486, 364.53545861071143, 362.77832559394176, 359.0119456631888, 364.29417703850527, 368.398649976808, 388.9716579331871, 368.48967877309553, 418.85304441458374, 423.6350598474958, 403.60618455115605, 444.0923846179486, 471.13168679655615, 449.80225471151147, 428.99190172588163, 408.1343597312141, 386.66336061905633, 425.54710406612884, 463.15674426918315, 438.24094749727266, 450.0853887657377, 423.70673271365825, 446.9237251602113, 458.9569224648271, 446.0743229975324]"
R_hard_047,rollout,hard,E_hard_011,,,,,,,,"[-0.0296, -0.0275, 0.0001, 0.0327, -0.0452, 0.0859, -0.0442, -0.0204, 0.0825, -0.0502, 0.0523, 0.0252, -0.0559, -0.0058, -0.0046, 0.0276, 0.0302, 0.0328, 0.0048, -0.0191, 0.0058, 0.0845, 0.0024, -0.0003, -0.0278, 0.0251, 0.0741, -0.0558, -0.0545, 0.0527]","[0.30870000000000003, 0.2812, 0.2813, 0.314, 0.2688, 0.3547, 0.3105, 0.2901, 0.37260000000000004, 0.3224, 0.37470000000000003, 0.39990000000000003, 0.34400000000000003, 0.33820000000000006, 0.33360000000000006, 0.3612000000000001, 0.3914000000000001, 0.4, 0.4, 0.3809, 0.38670000000000004, 0.4, 0.4, 0.3997, 0.3719, 0.397, 0.4, 0.3442, 0.2897, 0.34240000000000004]","[311.9843602231001, 305.9409094242936, 310.8308782373127, 335.5185581428783, 320.6801058449584, 379.6081982032744, 365.5764686446614, 361.3058394661893, 422.7704112136123, 404.4342761672273, 448.69460805498085, 476.8550927453058, 454.0695627693913, 458.24810996967716, 462.8154912022352, 491.50383506784414, 524.3354238962726, 545.7993814866203, 557.2276928307086, 554.5677915104302, 569.1014893673049, 603.0863377982165, 614.0400316763407, 617.1573527760745, 597.8557339845977, 615.2827351236649, 617.3656436263423, 578.6235454765434, 540.784041011238, 577.373800374937]"
R_hard_048,rollout,hard,E_hard_012,,,,,,,,"[0.0504, 0.0275, 0.0001, 0.0027, -0.0202, -0.0191, 0.0608, 0.0346, -0.0225, -0.0252, -0.0527, -0.0298, -0.0309, 0.0242, 0.0754, -0.0274, 0.0002, -0.0222, 0.0048, 0.0859, -0.0192, 0.0345, 0.0324, -0.0503, -0.0028, 0.0751, -0.0309, -0.0558, 0.0755, 0.0527]","[0.335969644111045, 0.36346964411104504, 0.36356964411104503, 0.366269644111045, 0.346069644111045, 0.326969644111045, 0.38776964411104503, 0.4, 0.3775, 0.3523, 0.2996, 0.2698, 0.23889999999999997, 0.2631, 0.3385, 0.31110000000000004, 0.3113, 0.2891, 0.29390000000000005, 0.3798, 0.36060000000000003, 0.3951, 0.4, 0.3497, 0.3469, 0.4, 0.36910000000000004, 0.3133, 0.38880000000000003, 0.4]","[357.27296051720157, 386.76722512713724, 398.1238984188282, 411.45706063543963, 411.3377769697394, 410.29136020104556, 468.1248494696674, 496.40772301449556, 495.27971823748516, 490.47901619312455, 465.1964312626539, 452.0006373207214, 436.2719987456686, 460.71903740417486, 533.4283434224443, 522.4465237370001, 530.2555014019827, 521.0494012086518, 531.8738534881387, 622.8281486183753, 618.9921353952367, 647.6951495866331, 651.3620703124321, 613.7200065353524, 611.6246232634671, 651.3620703124321, 628.2380192048424, 586.4800240008452, 642.9805372248916, 651.3620703124321]"
R_hard_049,rollout,hard,E_hard_013,,,,,,,,"[-0.0296, -0.0025, 0.0551, -0.0223, -0.0202, 0.0609, -0.0192, 0.0596, 0.0575, -0.0502, 0.0523, 0.0502, 0.0241, -0.0058, -0.0046, -0.0024, 0.0002, -0.0472, 0.0848, 0.0059, 0.0358, -0.0205, -0.0476, -0.0253, 0.0272, -0.0299, -0.0059, -0.0058, 0.0255, 0.0277]","[0.2352866227050835, 0.2327866227050835, 0.2878866227050835, 0.2655866227050835, 0.2453866227050835, 0.3062866227050835, 0.2870866227050835, 0.3466866227050835, 0.4, 0.3498, 0.4, 0.4, 0.4, 0.3942, 0.3896, 0.3872, 0.38739999999999997, 0.34019999999999995, 0.4, 0.4, 0.4, 0.3795, 0.3319, 0.3066, 0.3338, 0.3039, 0.298, 0.2922, 0.31770000000000004, 0.34540000000000004]","[280.08867047079013, 282.98704336999157, 323.9106035095857, 319.9681478865967, 315.62179393161733, 363.9087161106643, 361.76061662240414, 414.72932977164686, 470.5459806292586, 453.98635352875596, 509.2513991442931, 536.0506547948132, 556.5615619116277, 567.0396836673816, 577.8630291626935, 589.9274974304428, 603.8280856913151, 580.2316725796042, 658.2911208502072, 674.3335962137422, 697.0540297318494, 680.551304090831, 642.232780163393, 621.8660016893558, 643.7623010764631, 619.6924719707825, 614.9429070301968, 610.2738431902989, 630.8016238657121, 653.1004287562589]"
R_hard_050,rollout,hard,E_hard_014,,,,,,,,"[-0.0546, 0.0525, 0.0801, -0.0473, 0.0598, 0.0359, 0.0358, -0.0204, 0.0025, -0.0002, 0.0523, -0.0548, 0.0491, -0.0558, 0.0254, -0.0524, -0.0248, -0.0472, 0.0348, 0.0059, -0.0192, 0.0345, 0.0324, 0.0297, 0.0522, -0.0049, -0.0559, -0.0558, 0.0755, -0.0523]","[0.2455265936587794, 0.2980265936587794, 0.37812659365877943, 0.3308265936587794, 0.39062659365877944, 0.4, 0.4, 0.37960000000000005, 0.38210000000000005, 0.3819000000000001, 0.4, 0.3452, 0.3943, 0.33849999999999997, 0.36389999999999995, 0.31149999999999994, 0.28669999999999995, 0.23949999999999996, 0.2743, 0.2802, 0.261, 0.2955, 0.32789999999999997, 0.3576, 0.4, 0.3951, 0.3392, 0.2834, 0.3589, 0.3066]","[280.34567853702436, 319.86102107483975, 385.37175127269353, 373.296634072512, 429.6180105032879, 457.8426573414876, 481.34200482387536, 482.9719348048652, 498.34221316380416, 511.5429975435614, 549.7901800327178, 524.8824361219469, 582.4456042874298, 553.9472912971245, 589.075797923352, 559.3465249274965, 547.8040054700864, 516.735399799443, 555.1027372592356, 566.9317752713497, 557.1304805669408, 597.8489982678104, 635.06504943159, 658.6207881004304, 692.2491826983712, 688.3628823792696, 644.0273338409468, 599.7710975540342, 659.6518473687637, 618.1715398812092]"
R_hard_051,rollout,hard,E_hard_015,,,,,,,,"[0.0254, 0.0525, 0.0551, 0.0827, -0.0452, 0.0609, 0.0058, -0.0204, 0.0025, -0.0252, -0.0527, -0.0048, -0.0559, 0.0242, 0.0754, -0.0024, -0.0248, 0.0328, -0.0202, -0.0441, 0.0858, -0.0455, 0.0324, 0.0297, -0.0028, 0.0501, -0.0559, 0.0492, 0.0255, 0.0277]","[0.3972239545087054, 0.4, 0.4, 0.4, 0.3548, 0.4, 0.4, 0.37960000000000005, 0.38210000000000005, 0.35690000000000005, 0.3042, 0.2994, 0.2435, 0.2677, 0.34309999999999996, 0.34069999999999995, 0.31589999999999996, 0.34869999999999995, 0.32849999999999996, 0.2844, 0.3702, 0.3247, 0.3571, 0.3868, 0.38399999999999995, 0.4, 0.3441, 0.39330000000000004, 0.4, 0.4]","[353.346483064902, 374.3302486744709, 394.5858307184104, 419.6305324754664, 405.0609170290047, 448.88672052916604, 460.4213157835654, 458.53505977878825, 469.8431346830911, 463.49158518638166, 438.24098691752283, 440.75021334535614, 410.2851918378023, 432.0348179361196, 496.87747185570197, 495.6635561918474, 480.195007634644, 500.65341056513887, 488.05402827257797, 460.54745603980916, 514.0636441933594, 485.6838474452646, 505.89275765709476, 524.4175920179391, 522.6711429872871, 532.65085173387, 497.78424430049625, 528.4718486962385, 532.65085173387, 532.65085173387]"
R_hard_052,rollout,hard,E_hard_016,,,,,,,,"[-0.0296, 0.0525, -0.0249, -0.0223, 0.0348, 0.0059, -0.0192, -0.0204, 0.0825, 0.0298, -0.0277, 0.0252, 0.0491, -0.0558, -0.0046, -0.0524, 0.0552, -0.0472, 0.0598, -0.0441, 0.0358, 0.0845, -0.0226, 0.0547, 0.0772, 0.0501, -0.0559, 0.0242, -0.0545, 0.0277]","[0.2938096170935151, 0.3463096170935151, 0.3214096170935151, 0.29910961709351513, 0.33390961709351513, 0.33980961709351515, 0.32060961709351515, 0.3002096170935151, 0.38270961709351514, 0.4, 0.3723, 0.3975, 0.4, 0.3442, 0.3396, 0.2872, 0.34240000000000004, 0.2952, 0.35500000000000004, 0.31090000000000007, 0.34670000000000006, 0.4, 0.3774, 0.4, 0.4, 0.4, 0.3441, 0.3683, 0.3138, 0.3415]","[317.158084446843, 362.6257580158521, 361.66427356060336, 359.9885796058177, 394.71845151564975, 410.09505103101577, 410.26782681965, 408.156884635196, 485.40399686369835, 518.4016350227689, 515.4986004242046, 552.3158818601573, 582.3772349447363, 556.4631333319305, 564.1934606123328, 535.2365948216565, 596.902042890588, 570.194934620183, 632.3198050735564, 600.067809820251, 626.2497016585353, 665.2300043116231, 648.7017709165052, 665.2300043116231, 665.2300043116231, 665.2300043116231, 624.3482234803357, 642.0465972928074, 602.1886893267042, 622.4467453021364]"
R_hard_053,rollout,hard,E_hard_017,,,,,,,,"[-0.0296, 0.0775, -0.0249, -0.0223, -0.0452, 0.0609, 0.0358, -0.0454, -0.0225, 0.0548, -0.0527, -0.0548, 0.0491, -0.0308, -0.0046, 0.0276, -0.0248, 0.0328, 0.0348, 0.0059, -0.0442, 0.0845, -0.0476, 0.0297, -0.0278, 0.0251, -0.0559, -0.0558, 0.0255, -0.0523]","[0.325995339132217, 0.4, 0.37510000000000004, 0.35280000000000006, 0.30760000000000004, 0.36850000000000005, 0.4, 0.3546, 0.3321, 0.3869, 0.33420000000000005, 0.27940000000000004, 0.3285, 0.2977, 0.2931, 0.32070000000000004, 0.29590000000000005, 0.32870000000000005, 0.36350000000000005, 0.36940000000000006, 0.32520000000000004, 0.4, 0.35240000000000005, 0.38210000000000005, 0.35430000000000006, 0.37940000000000007, 0.32350000000000007, 0.26770000000000005, 0.29320000000000007, 0.24090000000000006]","[330.49323833943544, 395.8747023385828, 398.46660209754344, 400.13097205414806, 387.21611000938833, 444.6681981531038, 485.65723597342014, 472.5394020720496, 470.1341374392333, 529.4112818443565, 507.5073112212544, 479.9699074953815, 531.7105965577758, 519.2244560884964, 523.6525914120379, 557.6513798824112, 547.9704703728817, 588.1255684317271, 633.7567391544774, 638.6015556426489, 606.3725139833679, 660.913969099074, 626.2057703890791, 647.8619363909037, 627.5911816821252, 645.8931940271016, 605.1329354580109, 564.4455932727649, 583.0392711531192, 544.9040024024315]"
