task_id,task_type,difficulty,episode_id,true_next_strain,true_next_resistance,recent_actions,current_strain,true_current_fatigue,future_actions,true_future_strain,true_future_resistance
F_easy_000,forward,easy,E_easy_000,0.13403312415720978,135.1267639889491,,,,,,
F_easy_001,forward,easy,E_easy_001,0.15697250442213564,131.46267643868737,,,,,,
F_easy_002,forward,easy,E_easy_002,0.06317902652367571,115.5081001847042,,,,,,
F_easy_003,forward,easy,E_easy_003,0.09863137266497976,124.23756792243107,,,,,,
F_easy_004,forward,easy,E_easy_004,0.09373078362396212,125.04347103420078,,,,,,
F_easy_005,forward,easy,E_easy_005,0.0394936747607225,113.32120199196542,,,,,,
F_easy_006,forward,easy,E_easy_006,0.14085520983636318,138.84799648652967,,,,,,
F_easy_007,forward,easy,E_easy_007,0.08798295535964831,119.42797224082103,,,,,,
F_easy_008,forward,easy,E_easy_008,0.18770047378305596,145.89759664541342,,,,,,
F_easy_009,forward,easy,E_easy_009,0.08539831732488459,121.5952770062562,,,,,,
F_easy_010,forward,easy,E_easy_010,0.23905005217033187,152.8002270883293,,,,,,
F_easy_011,forward,easy,E_easy_011,0.0,106.14571917026862,,,,,,
F_easy_012,forward,easy,E_easy_012,0.2768712916445823,160.6976973554598,,,,,,
F_easy_013,forward,easy,E_easy_013,0.1278816105980719,131.10046405313813,,,,,,
F_easy_014,forward,easy,E_easy_014,0.03788017511959713,110.29930400053404,,,,,,
F_easy_015,forward,easy,E_easy_015,0.09067829721194631,124.56292349045226,,,,,,
F_easy_016,forward,easy,E_easy_016,0.08960000000000001,123.51158249049216,,,,,,
F_easy_017,forward,easy,E_easy_017,0.0888655991049919,123.8487112254843,,,,,,
F_medium_018,forward,medium,E_medium_000,0.08190517710078529,134.76679538560248,,,,,,
F_medium_019,forward,medium,E_medium_001,0.04877544365384271,122.77500592482924,,,,,,
F_medium_020,forward,medium,E_medium_002,0.2221534195422615,180.71981349051111,,,,,,
F_medium_021,forward,medium,E_medium_003,0.04428193608165355,120.42445316043599,,,,,,
F_medium_022,forward,medium,E_medium_004,0.21458739714237315,196.02029148548553,,,,,,
F_medium_023,forward,medium,E_medium_005,0.15266714417563254,150.3712389252024,,,,,,
F_medium_024,forward,medium,E_medium_006,0.07929999999999998,126.14778585496892,,,,,,
F_medium_025,forward,medium,E_medium_007,0.0604,130.00435097129963,,,,,,
F_medium_026,forward,medium,E_medium_008,0.1761302976142902,144.27276879033005,,,,,,
F_medium_027,forward,medium,E_medium_009,0.24637240597219887,183.04140189909626,,,,,,
F_medium_028,forward,medium,E_medium_010,0.15137215274586846,148.1294882239752,,,,,,
F_medium_029,forward,medium,E_medium_011,0.049300000000000004,123.54238049099422,,,,,,
F_medium_030,forward,medium,E_medium_012,0.06074186638090516,127.23762300250809,,,,,,
F_medium_031,forward,medium,E_medium_013,0.010746160016955955,110.21926499043333,,,,,,
F_medium_032,forward,medium,E_medium_014,0.19602299737596016,164.55149859037135,,,,,,
F_medium_033,forward,medium,E_medium_015,0.15419582357064568,146.72610183903063,,,,,,
F_medium_034,forward,medium,E_medium_016,0.3828411934569482,242.49317891516407,,,,,,
F_medium_035,forward,medium,E_medium_017,0.10097088653865241,138.62628041062084,,,,,,
F_hard_036,forward,hard,E_hard_000,0.2601385052719215,235.2606460944845,,,,,,
F_hard_037,forward,hard,E_hard_001,0.3807977896615752,297.28266372406574,,,,,,
F_hard_038,forward,hard,E_hard_002,0.3146,349.3098778683097,,,,,,
F_hard_039,forward,hard,E_hard_003,0.2814915679122014,239.29410620242976,,,,,,
F_hard_040,forward,hard,E_hard_004,0.2531655587189162,246.9840791253777,,,,,,
F_hard_041,forward,hard,E_hard_005,0.21162182983151923,202.47360894953437,,,,,,
F_hard_042,forward,hard,E_hard_006,0.36091436768091323,269.7607040085441,,,,,,
F_hard_043,forward,hard,E_hard_007,0.0815964101236579,161.97716067455937,,,,,,
F_hard_044,forward,hard,E_hard_008,0.28750000000000003,224.72294310368912,,,,,,
F_hard_045,forward,hard,E_hard_009,0.3396,299.62415691682304,,,,,,
F_hard_046,forward,hard,E_hard_010,0.3877601219090924,337.69323671703137,,,,,,
F_hard_047,forward,hard,E_hard_011,0.3047515525192797,277.9296925801845,,,,,,
F_hard_048,forward,hard,E_hard_012,0.29471022479600223,264.5701492390571,,,,,,
F_hard_049,forward,hard,E_hard_013,0.27630000000000005,272.0845467002687,,,,,,
F_hard_050,forward,hard,E_hard_014,0.335969644111045,303.27797775645575,,,,,,
F_hard_051,forward,hard,E_hard_015,0.2262972753219924,243.65898127840975,,,,,,
F_hard_052,forward,hard,E_hard_016,0.3390327318732911,273.47783034333986,,,,,,
F_hard_053,forward,hard,E_hard_017,0.33914201409802597,276.43365826831115,,,,,,
I_easy_000,inverse,easy,E_easy_000,,,"[0.0358, -0.0453, 0.0026, -0.0301, 0.0473, 0.0253, 0.0241, -0.0058]",0.16863312415720977,0.048423205379815835,,,
I_easy_001,inverse,easy,E_easy_001,,,"[0.0058, 0.0047, -0.0474, -0.0501, 0.0273, -0.0047, -0.0059, 0.0242]",0.13157250442213564,0.016336194191867534,,,
I_easy_002,inverse,easy,E_easy_002,,,"[0.0358, 0.0047, -0.0274, -0.0501, 0.0473, -0.0047, -0.0359, -0.0358]",0.06777902652367572,0.02066323319180954,,,
I_easy_003,inverse,easy,E_easy_003,,,"[-0.0442, 0.0547, -0.0274, 0.0299, 0.0273, 0.0253, -0.0559, 0.0442]",0.13323137266497975,0.030821872083326048,,,
I_easy_004,inverse,easy,E_easy_004,,,"[-0.0442, -0.0453, -0.0274, -0.0001, 0.0473, -0.0547, 0.0241, 0.0242]",0.09833078362396211,0.0377007529558193,,,
I_easy_005,inverse,easy,E_easy_005,,,"[0.0058, -0.0253, -0.0274, 0.0299, 0.0273, -0.0547, -0.0559, 0.0242]",0.0940936747607225,0.029976404924401828,,,
I_easy_006,inverse,easy,E_easy_006,,,"[-0.0442, 0.0047, 0.0026, 0.0499, -0.0027, -0.0047, 0.0241, -0.0358]",0.1954552098363632,0.0583469741773407,,,
I_easy_007,inverse,easy,E_easy_007,,,"[0.0558, -0.0253, 0.0026, -0.0001, -0.0027, -0.0047, 0.0241, 0.0242]",0.0925829553596483,0.018655660431620737,,,
I_easy_008,inverse,easy,E_easy_008,,,"[0.0058, -0.0253, 0.0526, 0.0299, -0.0527, 0.0453, 0.0441, -0.0358]",0.16230047378305595,0.04719906541864372,,,
I_easy_009,inverse,easy,E_easy_009,,,"[-0.0442, 0.0047, -0.0474, 0.0499, 0.0273, -0.0347, -0.0559, -0.0358]",0.0399983173248846,0.026690945625952724,,,
I_easy_010,inverse,easy,E_easy_010,,,"[0.0358, -0.0253, 0.0026, 0.0299, 0.0473, 0.0453, -0.0059, -0.0058]",0.21365005217033187,0.035998300041088144,,,
I_easy_011,inverse,easy,E_easy_011,,,"[0.0058, -0.0453, 0.0326, -0.0001, -0.0027, -0.0547, -0.0059, 0.0442]",0.05420026329747871,0.029843555999730046,,,
I_easy_012,inverse,easy,E_easy_012,,,"[0.0358, 0.0347, 0.0326, 0.0499, 0.0273, -0.0047, 0.0241, 0.0442]",0.2514712916445823,0.04046289093800198,,,
I_easy_013,inverse,easy,E_easy_013,,,"[0.0358, 0.0547, -0.0474, -0.0001, 0.0273, -0.0547, -0.0059, 0.0442]",0.1024816105980719,0.033927191555527994,,,
I_easy_014,inverse,easy,E_easy_014,,,"[-0.0242, 0.0547, 0.0026, 0.0299, -0.0027, 0.0253, -0.0359, -0.0358]",0.07248017511959713,0.017523652339683657,,,
I_easy_015,inverse,easy,E_easy_015,,,"[0.0558, -0.0453, 0.0326, -0.0001, -0.0327, 0.0253, 0.0241, 0.0442]",0.1252782972119463,0.03813278337707536,,,
I_easy_016,inverse,easy,E_easy_016,,,"[0.0058, -0.0253, -0.0474, -0.0501, 0.0273, -0.0547, -0.0059, 0.0442]",0.0442,0.028066961238501813,,,
I_easy_017,inverse,easy,E_easy_017,,,"[-0.0442, 0.0347, 0.0026, -0.0001, -0.0527, 0.0453, -0.0059, 0.0242]",0.1434655991049919,0.03680249770894318,,,
I_medium_018,inverse,medium,E_medium_000,,,"[0.0508, -0.0103, 0.0676, -0.0351, -0.0627, 0.0403, 0.0391, -0.0208]",0.1215051771007853,0.0877775196914866,,,
I_medium_019,inverse,medium,E_medium_001,,,"[0.0708, -0.0553, -0.0324, 0.0449, -0.0377, -0.0197, -0.0059, -0.0408]",0.008375443653842712,0.05469097591755909,,,
I_medium_020,inverse,medium,E_medium_002,,,"[-0.0542, 0.0297, 0.0476, 0.0249, 0.0423, 0.0403, -0.0409, 0.0592]",0.2267534195422615,0.1430446262801737,,,
I_medium_021,inverse,medium,E_medium_003,,,"[-0.0092, -0.0103, 0.0026, -0.0351, -0.0627, 0.0403, 0.0191, 0.0192]",0.10888193608165356,0.05774048259722882,,,
I_medium_022,inverse,medium,E_medium_004,,,"[0.0308, 0.0497, 0.0026, -0.0351, -0.0377, -0.0397, 0.0191, -0.0208]",0.25418739714237315,0.2046990717388783,,,
I_medium_023,inverse,medium,E_medium_005,,,"[0.0708, -0.0103, 0.0026, -0.0001, -0.0627, 0.0203, -0.0209, 0.0392]",0.11226714417563255,0.08097021527708863,,,
I_medium_024,inverse,medium,E_medium_006,,,"[0.0058, 0.0047, 0.0676, -0.0151, 0.0623, -0.0397, 0.0191, -0.0058]",0.09889999999999999,0.053415973953712406,,,
I_medium_025,inverse,medium,E_medium_007,,,"[-0.0292, 0.0297, -0.0324, -0.0601, -0.0027, 0.0203, -0.0059, -0.0208]",0.0,0.066101513756985,,,
I_medium_026,inverse,medium,E_medium_008,,,"[-0.0092, 0.0047, 0.0276, 0.0649, 0.0623, -0.0197, -0.0209, -0.0058]",0.1807302976142902,0.051491167410557745,,,
I_medium_027,inverse,medium,E_medium_009,,,"[0.0508, 0.0047, 0.0026, 0.0649, 0.0623, 0.0403, -0.0409, 0.0192]",0.20597240597219887,0.11902880193813158,,,
I_medium_028,inverse,medium,E_medium_010,,,"[0.0058, 0.0047, -0.0574, -0.0001, 0.0623, 0.0603, -0.0659, 0.0192]",0.17097215274586847,0.08531152660594098,,,
I_medium_029,inverse,medium,E_medium_011,,,"[0.0508, 0.0297, 0.0676, 0.0249, -0.0627, -0.0397, -0.0409, 0.0592]",0.0889,0.06711163630279861,,,
I_medium_030,inverse,medium,E_medium_012,,,"[0.0708, 0.0047, 0.0026, -0.0001, -0.0627, 0.0203, -0.0409, 0.0192]",0.12534186638090516,0.07358550299558424,,,
I_medium_031,inverse,medium,E_medium_013,,,"[-0.0092, 0.0047, -0.0324, -0.0151, -0.0177, -0.0397, 0.0391, 0.0192]",0.07534616001695596,0.03959642205026617,,,
I_medium_032,inverse,medium,E_medium_014,,,"[-0.0292, 0.0497, 0.0476, 0.0649, 0.0423, 0.0403, -0.0209, -0.0208]",0.23562299737596015,0.10954094553439495,,,
I_medium_033,inverse,medium,E_medium_015,,,"[-0.0092, 0.0497, -0.0124, -0.0351, -0.0027, 0.0203, -0.0059, 0.0392]",0.13379582357064568,0.07207917436283617,,,
I_medium_034,inverse,medium,E_medium_016,,,"[-0.0292, 0.0497, 0.0676, 0.0249, -0.0027, 0.0403, -0.0059, 0.0192]",0.34244119345694823,0.19296805011590923,,,
I_medium_035,inverse,medium,E_medium_017,,,"[0.0508, 0.0047, 0.0026, -0.0601, 0.0223, 0.0403, -0.0659, 0.0192]",0.0405708865386524,0.06938851977058406,,,
I_hard_036,inverse,hard,E_hard_000,,,"[0.0858, 0.0597, 0.0576, -0.0001, -0.0277, 0.0253, -0.0309, -0.0308]",0.2897385052719215,0.2904425843215231,,,
I_hard_037,inverse,hard,E_hard_001,,,"[0.0858, -0.0203, 0.0326, -0.0001, 0.0273, -0.0547, -0.0309, 0.0242]",0.3053977896615752,0.3289847665564324,,,
I_hard_038,inverse,hard,E_hard_002,,,"[0.0858, 0.0047, 0.0326, 0.0799, 0.0773, 0.0503, 0.0241, -0.0558]",0.3442,0.5856770271491096,,,
I_hard_039,inverse,hard,E_hard_003,,,"[0.0608, 0.0847, -0.0224, -0.0001, 0.0273, -0.0297, -0.0059, -0.0558]",0.25609156791220145,0.2718429820797143,,,
I_hard_040,inverse,hard,E_hard_004,,,"[0.0858, 0.0347, 0.0326, -0.0001, 0.0773, 0.0253, -0.0309, -0.0558]",0.28276555871891623,0.3342301663229679,,,
I_hard_041,inverse,hard,E_hard_005,,,"[0.0058, -0.0453, 0.0576, 0.0299, 0.0523, -0.0297, -0.0559, -0.0058]",0.18622182983151922,0.2121910019489224,,,
I_hard_042,inverse,hard,E_hard_006,,,"[0.0858, 0.0347, 0.0826, -0.0001, 0.0273, 0.0503, -0.0309, -0.0558]",0.2855143676809132,0.2703335412760546,,,
I_hard_043,inverse,hard,E_hard_007,,,"[-0.0442, 0.0847, 0.0026, -0.0501, -0.0277, -0.0047, -0.0059, -0.0558]",0.0861964101236579,0.20147524640535872,,,
I_hard_044,inverse,hard,E_hard_008,,,"[0.0358, 0.0847, 0.0026, 0.0799, 0.0273, -0.0297, 0.0241, -0.0308]",0.2921,0.22981088491068039,,,
I_hard_045,inverse,hard,E_hard_009,,,"[0.0858, 0.0347, 0.0826, -0.0501, -0.0277, 0.0753, 0.0741, -0.0308]",0.36920000000000003,0.40674181419250643,,,
I_hard_046,inverse,hard,E_hard_010,,,"[0.0858, 0.0347, -0.0474, 0.0549, -0.0277, 0.0753, -0.0309, 0.0242]",0.3373601219090924,0.4307974393452644,,,
I_hard_047,inverse,hard,E_hard_011,,,"[0.0858, -0.0453, 0.0326, -0.0501, 0.0273, -0.0047, -0.0309, 0.0742]",0.3343515525192797,0.3786601913447699,,,
I_hard_048,inverse,hard,E_hard_012,,,"[-0.0192, 0.0847, -0.0474, 0.0299, 0.0773, -0.0047, -0.0059, -0.0558]",0.32431022479600224,0.3494077147504205,,,
I_hard_049,inverse,hard,E_hard_013,,,"[0.0058, 0.0847, 0.0576, 0.0799, -0.0277, -0.0297, -0.0309, -0.0308]",0.28090000000000004,0.389396028787104,,,
I_hard_050,inverse,hard,E_hard_014,,,"[-0.0192, 0.0047, 0.0326, 0.0549, -0.0027, -0.0547, 0.0491, -0.0558]",0.285569644111045,0.3948697670950917,,,
I_hard_051,inverse,hard,E_hard_015,,,"[0.0858, 0.0847, -0.0224, 0.0549, -0.0277, -0.0297, -0.0309, -0.0558]",0.2308972753219924,0.3531048371147302,,,
I_hard_052,inverse,hard,E_hard_016,,,"[0.0608, -0.0453, 0.0026, 0.0299, -0.0527, 0.0503, 0.0491, 0.0242]",0.3686327318732911,0.3304142244475501,,,
I_hard_053,inverse,hard,E_hard_017,,,"[-0.0442, -0.0203, 0.0576, -0.0001, 0.0523, -0.0297, 0.0741, 0.0242]",0.368742014098026,0.3390681661115266,,,
R_easy_000,rollout,easy,E_easy_000,,,,,,"[-0.0346, -0.0025, -0.0499, 0.0327, 0.0348, 0.0359, -0.0242, 0.0546, 0.0525, 0.0298, -0.0527, -0.0048, -0.0559, -0.0558, 0.0254, 0.0276, 0.0502, -0.0272, -0.0252, 0.0059, -0.0242, -0.0455, 0.0024, -0.0303, 0.0272, -0.0049, 0.0241, 0.0242, -0.0345, 0.0277]","[0.13403312415720978, 0.13153312415720977, 0.08163312415720977, 0.11433312415720978, 0.14913312415720978, 0.1850331241572098, 0.1608331241572098, 0.2154331241572098, 0.2679331241572098, 0.2977331241572098, 0.24503312415720982, 0.24023312415720982, 0.18433312415720982, 0.1285331241572098, 0.1539331241572098, 0.1815331241572098, 0.23173312415720979, 0.20453312415720978, 0.17933312415720978, 0.18523312415720977, 0.16103312415720977, 0.11553312415720977, 0.11793312415720977, 0.08763312415720978, 0.11483312415720978, 0.10993312415720978, 0.13403312415720978, 0.15823312415720978, 0.12373312415720977, 0.15143312415720978]","[135.1267639889491, 134.58730190487748, 125.09345540705247, 132.11800150207452, 139.68661221393825, 147.88168609160073, 143.18547523572167, 155.96683518127705, 169.04285631416946, 177.32127681572237, 167.24649404517078, 166.92247933514912, 155.56779822711826, 143.98543229417137, 149.80083900482592, 156.40646384116215, 168.93394083542097, 163.49852207014106, 158.2661874025016, 159.8179437209031, 154.63892213017053, 144.90129403472804, 145.33134373029273, 138.83360994541127, 145.10372090810606, 143.93328529824763, 149.50463276481312, 155.20246473450345, 147.71683812865655, 154.20121428501113]"
R_easy_001,rollout,easy,E_easy_001,,,,,,"[0.0254, -0.0025, 0.0001, -0.0273, -0.0452, 0.0059, -0.0242, 0.0346, 0.0525, -0.0302, -0.0527, -0.0348, 0.0241, 0.0442, -0.0046, 0.0276, 0.0302, 0.0028, 0.0348, -0.0241, -0.0442, -0.0455, 0.0324, -0.0003, -0.0328, -0.0049, -0.0559, 0.0442, 0.0255, -0.0023]","[0.15697250442213564, 0.15447250442213564, 0.15457250442213563, 0.12727250442213564, 0.08207250442213565, 0.08797250442213565, 0.06377250442213565, 0.09837250442213566, 0.15087250442213565, 0.12067250442213565, 0.06797250442213565, 0.03317250442213565, 0.05727250442213565, 0.10147250442213565, 0.09687250442213566, 0.12447250442213566, 0.15467250442213565, 0.15747250442213565, 0.19227250442213564, 0.16817250442213563, 0.12397250442213563, 0.07847250442213563, 0.11087250442213563, 0.11057250442213563, 0.07777250442213562, 0.07287250442213562, 0.016972504422135624, 0.06117250442213563, 0.08667250442213563, 0.08437250442213563]","[131.46267643868737, 131.01575366850545, 131.03148043501236, 126.17429641958776, 118.15311452324707, 119.26213283903896, 114.95844162562825, 121.56910332014347, 131.71037523631625, 126.27337852566781, 116.81659877252248, 110.57057536199565, 115.1820855531061, 123.72243966227293, 122.86213002009153, 128.2196316441643, 134.13849149894148, 134.68450412170301, 141.72164596855612, 137.34758717074246, 129.22513276836588, 120.87847205880435, 127.22136911462574, 127.12671027649434, 121.0809891251088, 120.14714480618824, 109.89170230976447, 118.52301412084036, 123.52146607159199, 123.05583148282774]"
R_easy_002,rollout,easy,E_easy_002,,,,,,"[-0.0046, -0.0325, 0.0501, 0.0327, 0.0348, 0.0059, 0.0358, 0.0046, 0.0325, -0.0502, -0.0027, -0.0548, -0.0059, -0.0358, -0.0546, -0.0324, 0.0302, 0.0028, 0.0548, 0.0059, -0.0242, 0.0045, -0.0476, 0.0497, -0.0028, 0.0251, -0.0559, -0.0058, -0.0045, 0.0477]","[0.06317902652367571, 0.030679026523675712, 0.08077902652367572, 0.11347902652367572, 0.14827902652367572, 0.1541790265236757, 0.1899790265236757, 0.1945790265236757, 0.2270790265236757, 0.1768790265236757, 0.1741790265236757, 0.1193790265236757, 0.1134790265236757, 0.0776790265236757, 0.023079026523675696, 0.0, 0.0302, 0.033, 0.0878, 0.0937, 0.0695, 0.07400000000000001, 0.026400000000000007, 0.0761, 0.0733, 0.0984, 0.0425, 0.0367, 0.032200000000000006, 0.0799]","[115.5081001847042, 109.68108944553492, 119.25213800561981, 125.53816528438325, 132.27408036511062, 133.39685282375476, 140.54945081637743, 141.59054240810605, 148.32213774012092, 139.1352865349943, 138.67710089453158, 128.54773799639915, 127.40935124069375, 120.79434169752889, 110.75657157337949, 106.48220498702734, 112.30687233313034, 112.80401681803104, 123.50314666655233, 124.60926666432337, 120.08441587142427, 120.91389261867842, 112.08687727774995, 121.8090511998419, 121.23000286484259, 126.14083318192215, 115.70323813398458, 114.571138903261, 113.68148050892785, 123.05112441282394]"
R_easy_003,rollout,easy,E_easy_003,,,,,,"[-0.0346, -0.0525, 0.0301, -0.0273, 0.0548, 0.0359, -0.0242, 0.0546, -0.0275, -0.0002, -0.0327, 0.0452, -0.0359, -0.0558, -0.0046, 0.0476, 0.0502, 0.0328, 0.0548, 0.0559, 0.0058, -0.0255, 0.0324, 0.0297, -0.0528, -0.0549, 0.0241, -0.0358, 0.0455, -0.0323]","[0.09863137266497976, 0.04613137266497976, 0.07623137266497976, 0.04893137266497975, 0.10373137266497975, 0.13963137266497977, 0.11543137266497977, 0.17003137266497978, 0.14253137266497978, 0.14233137266497978, 0.10963137266497977, 0.15483137266497976, 0.11893137266497976, 0.06313137266497976, 0.05853137266497976, 0.10613137266497977, 0.15633137266497976, 0.18913137266497976, 0.24393137266497977, 0.2998313726649798, 0.30563137266497975, 0.2801313726649797, 0.3125313726649797, 0.3422313726649797, 0.2894313726649797, 0.2345313726649797, 0.2586313726649797, 0.2228313726649797, 0.2683313726649797, 0.2360313726649797]","[124.23756792243107, 114.6394171640038, 120.73219137075313, 115.69517619045534, 126.91372140925546, 134.34915270644197, 129.7825226470956, 141.356790481051, 136.10635925055468, 136.00474710071555, 129.79025270637743, 139.3250984898171, 132.44745154472298, 121.82301298590347, 120.89429456276497, 130.87137135487683, 141.59200915064042, 148.88972183384467, 161.5417689844694, 175.14471713603973, 177.53945275781805, 173.2039423870432, 181.79834224627072, 190.13495500654352, 179.95551380917567, 168.86079971345723, 175.1473166511419, 167.9011823459273, 179.37344547690773, 172.85926648187964]"
R_easy_004,rollout,easy,E_easy_004,,,,,,"[-0.0046, -0.0325, 0.0501, 0.0327, 0.0348, -0.0441, -0.0442, 0.0546, 0.0025, -0.0302, -0.0027, 0.0252, 0.0441, -0.0358, 0.0454, -0.0524, 0.0002, 0.0328, -0.0452, -0.0441, 0.0058, 0.0545, 0.0024, 0.0497, 0.0272, -0.0049, 0.0241, -0.0558, -0.0545, 0.0277]","[0.09373078362396212, 0.061230783623962115, 0.11133078362396212, 0.14403078362396213, 0.17883078362396213, 0.13473078362396212, 0.09053078362396212, 0.14513078362396212, 0.14763078362396212, 0.11743078362396212, 0.11473078362396212, 0.1399307836239621, 0.1840307836239621, 0.1482307836239621, 0.1936307836239621, 0.1412307836239621, 0.1414307836239621, 0.1742307836239621, 0.12903078362396211, 0.08493078362396211, 0.09073078362396211, 0.1452307836239621, 0.14763078362396212, 0.1973307836239621, 0.22453078362396212, 0.21963078362396213, 0.24373078362396214, 0.18793078362396215, 0.13343078362396216, 0.16113078362396216]","[125.04347103420078, 118.9657743436998, 129.38293215636676, 136.24745445097756, 143.83732009177544, 135.36262302503138, 126.8971358617928, 138.50905580234462, 138.958394013059, 133.08051951137597, 132.47787677589997, 137.81970847482876, 147.5764562490066, 140.51166158410155, 150.70063441822, 140.30179677297906, 140.23874907876578, 147.53115909636657, 138.50818245913823, 129.7401452233994, 130.90285285637646, 142.78395382233305, 143.19758444110562, 154.536023790868, 161.12662611930486, 160.50291241511832, 166.60191622635404, 155.26043529850713, 143.9579420013383, 150.18624037230464]"
R_easy_005,rollout,easy,E_easy_005,,,,,,"[-0.0546, 0.0475, -0.0299, 0.0027, 0.0548, -0.0241, -0.0242, 0.0046, -0.0475, -0.0502, -0.0327, -0.0048, -0.0359, 0.0242, 0.0454, -0.0024, -0.0298, 0.0328, 0.0548, 0.0559, -0.0442, -0.0255, -0.0276, -0.0303, 0.0272, -0.0049, -0.0559, 0.0242, 0.0255, -0.0523]","[0.0394936747607225, 0.0869936747607225, 0.05709367476072251, 0.05979367476072251, 0.11459367476072252, 0.09049367476072252, 0.06629367476072252, 0.07089367476072253, 0.02339367476072253, 0.0, 0.0, 0.0, 0.0, 0.0242, 0.0696, 0.0672, 0.037399999999999996, 0.0702, 0.125, 0.1809, 0.1367, 0.1112, 0.0836, 0.05329999999999999, 0.08049999999999999, 0.07559999999999999, 0.01969999999999999, 0.04389999999999999, 0.06939999999999999, 0.01709999999999999]","[113.32120199196542, 123.32147821824161, 117.7657465157151, 118.29130936043718, 130.00445056627152, 125.4397838649178, 120.86513106632627, 121.79690253279493, 112.88347952451475, 108.43242842893048, 108.32971020443023, 108.27339360335044, 108.1674691088399, 113.24568522791577, 122.94922415932385, 122.4309410164903, 116.74243608764796, 123.78678610914703, 135.80182119614432, 148.59173904649114, 139.81022060887827, 134.71992438609735, 129.23381741020452, 123.23728363814593, 129.20802442077962, 128.1568026433725, 117.13111333667798, 122.40978055448409, 128.0239818111002, 117.60376421211728]"
R_easy_006,rollout,easy,E_easy_006,,,,,,"[-0.0546, -0.0025, 0.0001, -0.0273, -0.0252, -0.0241, -0.0242, 0.0346, 0.0325, -0.0302, 0.0473, 0.0452, -0.0059, -0.0358, -0.0046, 0.0476, 0.0302, 0.0328, 0.0048, 0.0359, -0.0242, 0.0345, -0.0276, 0.0297, 0.0472, -0.0549, -0.0059, -0.0558, 0.0255, -0.0523]","[0.14085520983636318, 0.13835520983636318, 0.13845520983636317, 0.11115520983636316, 0.08595520983636316, 0.06185520983636317, 0.03765520983636317, 0.07225520983636316, 0.10475520983636316, 0.07455520983636316, 0.12185520983636317, 0.16705520983636316, 0.16115520983636317, 0.12535520983636317, 0.12075520983636318, 0.16835520983636318, 0.19855520983636318, 0.23135520983636318, 0.23615520983636318, 0.27205520983636317, 0.24785520983636317, 0.2823552098363632, 0.2547552098363632, 0.2844552098363632, 0.3316552098363632, 0.2767552098363632, 0.2708552098363632, 0.21505520983636317, 0.24055520983636317, 0.18825520983636318]","[138.84799648652967, 138.26511025264818, 138.18952970851169, 132.81931720672375, 127.86974921923506, 123.14583846297253, 118.41584684955698, 125.90520484667053, 133.0180831669335, 127.02751251736575, 137.50064463833831, 147.81405629956657, 146.60035101353986, 139.33072950990228, 138.29551141040324, 149.22955117042866, 156.54143776416973, 164.86768799585704, 166.63886961029155, 176.28051204584557, 171.8912461056045, 181.42362711281135, 176.25204839352318, 184.71921688188232, 198.28531788594807, 186.94354803936957, 186.5205680765001, 174.2745044753358, 181.34201320860825, 169.54244952288627]"
R_easy_007,rollout,easy,E_easy_007,,,,,,"[-0.0046, -0.0025, 0.0501, -0.0473, -0.0452, -0.0241, 0.0558, 0.0046, 0.0325, 0.0298, -0.0327, 0.0452, 0.0241, -0.0358, -0.0346, -0.0324, -0.0498, 0.0028, 0.0548, 0.0059, 0.0058, 0.0345, 0.0024, 0.0497, 0.0272, -0.0049, -0.0359, 0.0442, 0.0255, 0.0477]","[0.08798295535964831, 0.08548295535964831, 0.13558295535964832, 0.08828295535964831, 0.04308295535964831, 0.01898295535964831, 0.07478295535964831, 0.07938295535964832, 0.11188295535964832, 0.1416829553596483, 0.1089829553596483, 0.1541829553596483, 0.1782829553596483, 0.1424829553596483, 0.10788295535964831, 0.07548295535964832, 0.02568295535964832, 0.02848295535964832, 0.08328295535964832, 0.08918295535964832, 0.09498295535964832, 0.12948295535964832, 0.13188295535964834, 0.18158295535964833, 0.20878295535964833, 0.20388295535964834, 0.16798295535964836, 0.21218295535964837, 0.23768295535964837, 0.28538295535964836]","[119.42797224082103, 118.95597927627614, 129.1109710222179, 120.58167770562146, 112.44298439334973, 108.09452397080798, 119.36035373107087, 120.25961464774815, 126.90931646578368, 133.06236620492308, 126.98810366734678, 136.4315157618876, 141.6759156248122, 134.90893032448236, 128.3825022586643, 122.28135939590847, 112.95959075433248, 113.48404816696214, 124.86735467741727, 126.04382504135395, 127.20003168747297, 134.4641725224733, 134.8987544168584, 145.76196080284703, 152.0478159588478, 151.3862101896149, 144.42925287013, 154.53071301891052, 160.7797477435068, 172.55988782292562]"
R_easy_008,rollout,easy,E_easy_008,,,,,,"[0.0254, -0.0525, 0.0501, 0.0327, 0.0348, -0.0441, 0.0558, -0.0454, -0.0275, -0.0502, 0.0273, -0.0348, 0.0441, 0.0242, -0.0546, -0.0524, -0.0498, 0.0528, 0.0348, -0.0241, 0.0558, -0.0455, 0.0324, 0.0497, 0.0272, 0.0251, 0.0241, -0.0558, -0.0345, -0.0523]","[0.18770047378305596, 0.13520047378305597, 0.18530047378305597, 0.21800047378305598, 0.252800473783056, 0.20870047378305598, 0.26450047378305597, 0.21910047378305597, 0.19160047378305597, 0.14140047378305598, 0.16870047378305597, 0.13390047378305597, 0.17800047378305597, 0.20220047378305597, 0.14760047378305596, 0.09520047378305596, 0.045400473783055964, 0.09820047378305596, 0.13300047378305596, 0.10890047378305596, 0.16470047378305597, 0.11920047378305597, 0.15160047378305597, 0.20130047378305596, 0.22850047378305596, 0.25360047378305595, 0.27770047378305596, 0.22190047378305594, 0.18740047378305594, 0.13510047378305595]","[145.89759664541342, 135.80905495489364, 146.80634643711093, 154.38840404938622, 162.81292879755475, 154.42457862029417, 167.76018267960765, 159.01282373437272, 153.6505933394925, 143.4406153109715, 149.57523421566458, 142.43791443564822, 152.44904579838396, 158.20738191784739, 146.90039077205134, 136.10266130648634, 125.8879385440767, 137.59085812409927, 145.35577279274256, 140.25876380222536, 152.98891016600885, 143.3861284851301, 150.69856433828804, 162.4752809932337, 169.30124277673858, 175.89207037612206, 182.50634423145382, 170.70937502501997, 163.29520132492976, 151.79765866343567]"
R_easy_009,rollout,easy,E_easy_009,,,,,,"[0.0454, -0.0025, 0.0301, 0.0327, 0.0048, -0.0441, 0.0558, -0.0254, 0.0025, 0.0298, 0.0273, 0.0452, -0.0559, -0.0058, -0.0046, -0.0024, -0.0498, -0.0472, -0.0252, 0.0359, 0.0058, 0.0045, 0.0324, -0.0003, -0.0028, -0.0349, -0.0059, -0.0358, -0.0345, 0.0277]","[0.08539831732488459, 0.08289831732488459, 0.11299831732488459, 0.14569831732488459, 0.15049831732488458, 0.10639831732488458, 0.1621983173248846, 0.1367983173248846, 0.1392983173248846, 0.1690983173248846, 0.19639831732488458, 0.24159831732488457, 0.18569831732488457, 0.17989831732488457, 0.17529831732488457, 0.17289831732488456, 0.12309831732488456, 0.07589831732488456, 0.050698317324884556, 0.08659831732488456, 0.09239831732488456, 0.09689831732488456, 0.12929831732488456, 0.12899831732488456, 0.12619831732488457, 0.09129831732488457, 0.08539831732488457, 0.04959831732488457, 0.015098317324884564, 0.042798317324884566]","[121.5952770062562, 121.0967756478268, 126.96467580850565, 133.38319662345904, 134.2850002735146, 126.1436728670713, 137.231536954691, 132.48009941288328, 132.92120741363266, 138.90419712812698, 144.54330539817204, 154.0875346142801, 143.65056103706635, 142.61665228775578, 141.78755963878734, 141.3615878870356, 131.92849573232462, 123.01103501235028, 118.232838628408, 125.36650306557996, 126.46775745318483, 127.30733172688285, 133.78845392180526, 133.65880493397177, 133.05802972322374, 126.4105131722774, 125.23308319767621, 118.44001591948496, 111.90781519592387, 117.38444978310187]"
R_easy_010,rollout,easy,E_easy_010,,,,,,"[0.0254, -0.0325, 0.0301, 0.0027, -0.0452, -0.0441, 0.0558, -0.0454, -0.0275, -0.0302, -0.0327, -0.0348, 0.0241, -0.0558, 0.0454, 0.0476, -0.0298, -0.0472, 0.0548, -0.0441, 0.0358, 0.0545, 0.0524, 0.0297, -0.0328, 0.0251, 0.0241, -0.0058, 0.0255, -0.0523]","[0.23905005217033187, 0.20655005217033187, 0.23665005217033186, 0.23935005217033187, 0.19415005217033188, 0.15005005217033188, 0.20585005217033187, 0.16045005217033187, 0.13295005217033187, 0.10275005217033187, 0.07005005217033186, 0.035250052170331864, 0.05935005217033186, 0.0035500521703318577, 0.04895005217033186, 0.09655005217033186, 0.06675005217033186, 0.019550052170331865, 0.07435005217033186, 0.03025005217033186, 0.06605005217033186, 0.12055005217033185, 0.17295005217033185, 0.20265005217033186, 0.16985005217033186, 0.19495005217033187, 0.21905005217033188, 0.21325005217033188, 0.23875005217033188, 0.1864500521703319]","[152.8002270883293, 147.10663942599936, 154.329019057293, 155.5872388349454, 147.22845734050318, 138.73291104572556, 151.37214361883227, 142.5659277583678, 137.16138800187565, 131.25114035163867, 124.87656760874422, 118.1171757217064, 123.23851331371868, 112.41505511210052, 122.1323922257567, 132.48485193230889, 126.53717062176274, 117.20276835752797, 129.14725494374989, 120.32510291098244, 128.1407963032199, 140.26634815980216, 152.29787975647966, 159.4684300750659, 152.70822291296355, 158.76775368067365, 164.8453532810648, 163.97849489765116, 170.61887994563807, 159.65472353505518]"
R_easy_011,rollout,easy,E_easy_011,,,,,,"[-0.0546, -0.0025, 0.0301, 0.0327, 0.0048, 0.0059, -0.0442, 0.0046, 0.0525, 0.0298, 0.0273, 0.0252, 0.0241, -0.0558, -0.0346, -0.0024, -0.0298, 0.0528, 0.0048, 0.0359, 0.0558, 0.0045, 0.0524, -0.0003, 0.0472, -0.0549, -0.0059, -0.0058, -0.0545, -0.0023]","[0.0, 0.0, 0.0301, 0.0628, 0.0676, 0.0735, 0.029299999999999993, 0.03389999999999999, 0.08639999999999999, 0.1162, 0.1435, 0.1687, 0.1928, 0.137, 0.10240000000000002, 0.10000000000000002, 0.07020000000000001, 0.12300000000000001, 0.12780000000000002, 0.1637, 0.21950000000000003, 0.22400000000000003, 0.27640000000000003, 0.2761, 0.32330000000000003, 0.2684, 0.2625, 0.25670000000000004, 0.20220000000000005, 0.19990000000000005]","[106.14571917026862, 106.09997526709853, 112.31738790163341, 119.15713233538274, 120.11774246547925, 121.31314266302968, 113.0703015727932, 113.9845476775512, 125.12600836789504, 131.51697189934464, 137.4232404364381, 143.07460404035703, 148.74339137357822, 137.82527850111236, 131.045032698382, 130.4888037833846, 124.66201292499645, 136.24360856978242, 137.2107321991182, 145.30074622795672, 158.59759662375015, 160.1695659414215, 173.5890946153809, 174.5628848529762, 187.58550408081854, 176.8253995068204, 176.42281850216514, 175.96903890051735, 164.49468097356046, 164.23356045938806]"
R_easy_012,rollout,easy,E_easy_012,,,,,,"[0.0254, 0.0475, 0.0001, 0.0327, -0.0452, 0.0059, -0.0242, -0.0254, 0.0325, 0.0498, 0.0473, -0.0548, -0.0059, -0.0058, -0.0546, -0.0524, -0.0498, 0.0328, 0.0048, 0.0559, 0.0058, 0.0545, -0.0276, 0.0297, -0.0528, -0.0049, 0.0241, 0.0442, -0.0045, -0.0523]","[0.2768712916445823, 0.3243712916445823, 0.32447129164458227, 0.3571712916445823, 0.31197129164458226, 0.3178712916445823, 0.2936712916445823, 0.2682712916445823, 0.3007712916445823, 0.3505712916445823, 0.3978712916445823, 0.3430712916445823, 0.33717129164458226, 0.33137129164458223, 0.27677129164458225, 0.22437129164458225, 0.17457129164458224, 0.20737129164458223, 0.21217129164458223, 0.2680712916445822, 0.27387129164458224, 0.32837129164458223, 0.3007712916445822, 0.3304712916445822, 0.2776712916445822, 0.2727712916445822, 0.2968712916445822, 0.3410712916445822, 0.3365712916445822, 0.2842712916445822]","[160.6976973554598, 171.45538086382945, 172.36244054228393, 180.3793416033515, 172.43022398670035, 174.51826824653622, 170.4640490293836, 166.00524323761132, 173.71197057200044, 185.5935744978239, 197.41450237262538, 187.18370912985495, 186.89095204516397, 186.57097483111184, 175.80952510949004, 165.20547872006975, 154.9051288319273, 162.3540374543417, 163.6080847210724, 176.66458234245022, 178.48855273104616, 191.80770832169077, 186.55066871203297, 194.27686406640385, 183.35196501092597, 182.77039516878065, 189.0188251097074, 200.33696082353356, 200.19555492401537, 189.10247170604424]"
R_easy_013,rollout,easy,E_easy_013,,,,,,"[0.0254, -0.0325, 0.0501, -0.0273, 0.0548, -0.0241, 0.0058, 0.0046, -0.0275, 0.0498, -0.0327, -0.0548, -0.0359, 0.0242, 0.0254, 0.0476, -0.0298, 0.0028, -0.0452, 0.0059, 0.0558, 0.0345, 0.0024, -0.0003, 0.0472, -0.0049, -0.0559, -0.0358, -0.0545, -0.0323]","[0.1278816105980719, 0.0953816105980719, 0.1454816105980719, 0.1181816105980719, 0.1729816105980719, 0.1488816105980719, 0.1546816105980719, 0.1592816105980719, 0.1317816105980719, 0.18158161059807187, 0.14888161059807187, 0.09408161059807187, 0.058181610598071865, 0.08238161059807186, 0.10778161059807187, 0.15538161059807187, 0.12558161059807188, 0.12838161059807188, 0.08318161059807189, 0.08908161059807189, 0.1448816105980719, 0.1793816105980719, 0.1817816105980719, 0.1814816105980719, 0.2286816105980719, 0.22378161059807192, 0.1678816105980719, 0.1320816105980719, 0.07758161059807192, 0.04528161059807192]","[131.10046405313813, 125.03356819862209, 135.63589759951708, 130.4630762404449, 142.3922803666878, 137.74155643989423, 138.9576854342367, 139.94885361562416, 134.65091078188067, 145.6923520883167, 139.31712085000404, 128.72927502915402, 121.789522054901, 126.93294532677106, 132.37693132287365, 142.81942583515044, 136.89861442382795, 137.41923287944851, 128.52130007753613, 129.72234435576374, 141.97783016104256, 149.8544633005685, 150.5256135057397, 150.58934028363865, 161.9189257634596, 161.3907391923064, 150.02675243983265, 142.6410531802052, 131.518125806735, 124.91016849374098]"
R_easy_014,rollout,easy,E_easy_014,,,,,,"[-0.0346, -0.0525, 0.0501, -0.0273, 0.0348, 0.0359, 0.0358, 0.0046, 0.0025, 0.0498, 0.0273, 0.0252, 0.0441, 0.0242, -0.0346, -0.0024, -0.0498, 0.0328, 0.0548, 0.0059, -0.0242, -0.0455, 0.0524, -0.0503, -0.0528, -0.0349, -0.0559, -0.0058, -0.0045, -0.0323]","[0.03788017511959713, 0.0, 0.0501, 0.022799999999999997, 0.0576, 0.0935, 0.1293, 0.1339, 0.1364, 0.18619999999999998, 0.21349999999999997, 0.23869999999999997, 0.28279999999999994, 0.30699999999999994, 0.2723999999999999, 0.2699999999999999, 0.2201999999999999, 0.2529999999999999, 0.3077999999999999, 0.3136999999999999, 0.2894999999999999, 0.24399999999999994, 0.29639999999999994, 0.24609999999999993, 0.19329999999999992, 0.15839999999999993, 0.10249999999999992, 0.09669999999999992, 0.09219999999999992, 0.05989999999999992]","[110.29930400053404, 103.55845459423942, 113.355120260556, 108.44714553436434, 115.2954263805318, 122.43233753952433, 129.62040227362218, 130.50333611288016, 130.95920075596467, 141.33198424591782, 147.33153443578755, 153.11357929719148, 163.30068463202008, 169.51258094738867, 163.54339434231366, 163.76864252305438, 154.40668856369626, 162.09585134504633, 175.1652443423529, 177.4868325766077, 173.39612131584164, 164.62910111618615, 177.29636713597435, 167.3826821563812, 156.6069032505212, 149.32945735009443, 137.74636368378407, 136.4264555282225, 135.37509509451857, 128.6842872892072]"
R_easy_015,rollout,easy,E_easy_015,,,,,,"[-0.0346, -0.0325, -0.0299, 0.0327, 0.0348, -0.0241, -0.0242, 0.0546, -0.0475, 0.0298, 0.0273, -0.0548, -0.0559, -0.0058, 0.0454, -0.0524, 0.0002, -0.0272, 0.0048, 0.0559, -0.0242, 0.0345, 0.0024, 0.0497, -0.0528, 0.0451, -0.0059, -0.0358, 0.0255, 0.0477]","[0.09067829721194631, 0.05817829721194631, 0.028278297211946312, 0.06097829721194631, 0.0957782972119463, 0.07167829721194631, 0.04747829721194631, 0.1020782972119463, 0.054578297211946306, 0.08437829721194631, 0.11167829721194632, 0.056878297211946316, 0.0009782972119463176, 0.0, 0.0454, 0.0, 0.0002, 0.0, 0.0048, 0.0607, 0.0365, 0.07100000000000001, 0.0734, 0.12310000000000001, 0.07030000000000002, 0.11540000000000002, 0.10950000000000001, 0.07370000000000002, 0.09920000000000001, 0.1469]","[124.56292349045226, 118.51366943237217, 112.95364467179115, 119.7590792839279, 127.09034644526555, 122.52305821384421, 117.94433491470691, 129.54159115220176, 120.48839221775006, 126.8256800840044, 132.68117399365767, 122.12303954473934, 111.38591075426898, 111.1373612879327, 120.81666796148286, 112.00119925185159, 111.98688783686319, 111.84040468189957, 112.81088251467372, 124.84334562830924, 120.06748470270547, 127.54458141471726, 127.9989730576374, 138.95858235930206, 128.4248993921075, 138.41468552230174, 137.1479274744942, 129.92750342031957, 135.55290658591215, 146.2761439556458]"
R_easy_016,rollout,easy,E_easy_016,,,,,,"[0.0454, 0.0275, -0.0299, 0.0527, 0.0048, -0.0441, -0.0442, 0.0546, -0.0275, -0.0002, 0.0473, -0.0548, -0.0559, 0.0442, -0.0046, -0.0024, 0.0502, 0.0528, 0.0048, 0.0359, -0.0242, -0.0455, 0.0024, -0.0303, 0.0272, 0.0251, -0.0559, -0.0058, -0.0345, 0.0477]","[0.08960000000000001, 0.11710000000000001, 0.08720000000000001, 0.13990000000000002, 0.14470000000000002, 0.10060000000000002, 0.05640000000000002, 0.11100000000000002, 0.08350000000000002, 0.08330000000000001, 0.13060000000000002, 0.07580000000000002, 0.019900000000000022, 0.06410000000000002, 0.05950000000000002, 0.05710000000000002, 0.10730000000000002, 0.16010000000000002, 0.16490000000000002, 0.20080000000000003, 0.17660000000000003, 0.13110000000000005, 0.13350000000000006, 0.10320000000000007, 0.13040000000000007, 0.15550000000000008, 0.09960000000000008, 0.09380000000000008, 0.059300000000000075, 0.10700000000000007]","[123.51158249049216, 129.43777425905526, 123.85642805902822, 135.3687142157236, 136.3748236030188, 128.02778765657615, 119.68182015364805, 131.65140367349827, 126.35191132266607, 126.25096515725598, 136.7591378467731, 126.1366307895336, 115.33830690472755, 125.08171626840475, 124.1156083674508, 123.57775631701656, 134.8412411483136, 147.03379780386936, 148.19140370075618, 157.04366135884405, 152.27112012464912, 142.93993228492167, 143.39529898425315, 137.16893040645303, 143.42667969827838, 149.2967211488046, 137.76204069891165, 136.47281705584425, 129.35260885143015, 140.4152473130822]"
R_easy_017,rollout,easy,E_easy_017,,,,,,"[-0.0546, 0.0475, -0.0299, -0.0273, 0.0548, 0.0559, -0.0242, 0.0046, 0.0325, 0.0498, -0.0327, -0.0048, 0.0241, 0.0242, 0.0254, -0.0024, -0.0498, 0.0528, 0.0548, 0.0059, -0.0442, -0.0455, 0.0324, -0.0503, 0.0472, -0.0349, 0.0241, 0.0442, -0.0345, -0.0323]","[0.0888655991049919, 0.1363655991049919, 0.10646559910499191, 0.07916559910499191, 0.1339655991049919, 0.1898655991049919, 0.1656655991049919, 0.1702655991049919, 0.2027655991049919, 0.2525655991049919, 0.21986559910499187, 0.21506559910499187, 0.23916559910499188, 0.2633655991049919, 0.2887655991049919, 0.2863655991049919, 0.23656559910499186, 0.2893655991049919, 0.3441655991049919, 0.3500655991049919, 0.3058655991049919, 0.2603655991049919, 0.2927655991049919, 0.24246559910499188, 0.2896655991049919, 0.2547655991049919, 0.2788655991049919, 0.32306559910499194, 0.2885655991049919, 0.2562655991049919]","[123.8487112254843, 133.84305767208465, 128.1944408895248, 123.04261971695527, 134.64981515043743, 147.02386077051864, 142.40920292892588, 143.4803486259824, 150.96679540556795, 162.87665286699098, 156.85466485020183, 156.30236165624532, 162.38723671462034, 168.77187381343296, 175.7415418956992, 176.2651815057713, 166.50964217090782, 180.04399705433755, 194.90237481766002, 197.98889846312056, 189.484191171398, 180.21768380440446, 189.24542193341543, 178.58779248168287, 191.3481552000641, 184.07739011816255, 191.01638953278072, 203.62923495494732, 196.503082186166, 189.5685879240043]"
R_medium_018,rollout,medium,E_medium_000,,,,,,"[-0.0396, -0.0375, 0.0251, 0.0277, -0.0302, -0.0291, 0.0308, 0.0696, 0.0275, -0.0002, -0.0627, -0.0398, -0.0059, 0.0392, 0.0404, 0.0626, 0.0652, 0.0678, 0.0498, -0.0541, -0.0292, -0.0105, 0.0024, -0.0603, 0.0422, 0.0201, -0.0059, -0.0408, -0.0395, -0.0373]","[0.08190517710078529, 0.044405177100785294, 0.0695051771007853, 0.0972051771007853, 0.0670051771007853, 0.037905177100785295, 0.0687051771007853, 0.1383051771007853, 0.1658051771007853, 0.1656051771007853, 0.10290517710078528, 0.06310517710078528, 0.05720517710078528, 0.09640517710078528, 0.13680517710078527, 0.19940517710078526, 0.26460517710078524, 0.3324051771007852, 0.3822051771007852, 0.32810517710078524, 0.29890517710078524, 0.2884051771007852, 0.29080517710078524, 0.23050517710078525, 0.27270517710078523, 0.29280517710078524, 0.2869051771007852, 0.24610517710078522, 0.20660517710078521, 0.16930517710078521]","[134.76679538560248, 127.08279857871771, 133.99470833448564, 141.78903283013804, 135.38574862098062, 129.22755347593395, 137.8792158118965, 158.32142852100756, 166.977694473086, 167.15236962666205, 152.89360168150517, 143.83895510601937, 142.4095051127618, 154.09299008860674, 166.49099830559777, 187.6349824856719, 212.36262665877274, 241.2496464728598, 266.28109944125583, 255.35541335588854, 250.47671228835577, 250.63956022548848, 254.87215310715666, 238.36776509255938, 257.67289771659676, 269.0848959429347, 270.33725307891206, 259.2024383123691, 247.41499502644223, 235.45934506653117]"
R_medium_019,rollout,medium,E_medium_001,,,,,,"[0.0404, 0.0425, 0.0451, -0.0123, 0.0048, -0.0291, -0.0292, -0.0304, 0.0675, 0.0448, 0.0423, -0.0048, -0.0059, -0.0058, -0.0046, -0.0024, -0.0348, -0.0322, 0.0698, 0.0059, 0.0708, -0.0305, 0.0024, -0.0353, -0.0378, -0.0649, -0.0659, 0.0592, -0.0195, 0.0227]","[0.04877544365384271, 0.09127544365384271, 0.13637544365384272, 0.12407544365384271, 0.1288754436538427, 0.09977544365384271, 0.0705754436538427, 0.04017544365384271, 0.10767544365384271, 0.15247544365384272, 0.19477544365384272, 0.18997544365384272, 0.18407544365384274, 0.17827544365384274, 0.17367544365384274, 0.17127544365384273, 0.13647544365384273, 0.10427544365384273, 0.17407544365384273, 0.17997544365384271, 0.25077544365384274, 0.22027544365384275, 0.22267544365384276, 0.18737544365384276, 0.14957544365384276, 0.08467544365384276, 0.01877544365384276, 0.07797544365384276, 0.05847544365384276, 0.08117544365384276]","[122.77500592482924, 133.25738017108776, 144.69004786032673, 142.14242467602085, 143.31390987340947, 137.37403271649407, 131.42523886800657, 125.24618484157845, 142.44050872444615, 154.2555974151382, 166.36452672938495, 165.85670709709436, 165.0096020429142, 164.0864912402242, 163.34799706887298, 163.0487280462861, 155.3631881373655, 148.26443839121728, 167.78540337334593, 169.79897150013522, 191.83835692899805, 185.72109794358312, 187.47432596799064, 179.58286630226445, 170.51556981192783, 155.11695388569763, 139.56522995304198, 156.24769457159917, 151.46280702896783, 157.87773120084262]"
R_medium_020,rollout,medium,E_medium_002,,,,,,"[-0.0046, 0.0225, -0.0599, 0.0677, -0.0102, -0.0541, 0.0058, -0.0304, -0.0325, 0.0248, -0.0177, 0.0602, -0.0209, 0.0192, -0.0046, 0.0226, 0.0252, 0.0028, 0.0698, -0.0291, -0.0292, 0.0295, 0.0474, -0.0603, -0.0028, 0.0601, -0.0059, 0.0592, -0.0195, -0.0173]","[0.2221534195422615, 0.2446534195422615, 0.1847534195422615, 0.25245341954226147, 0.24225341954226148, 0.18815341954226147, 0.19395341954226147, 0.16355341954226146, 0.13105341954226146, 0.15585341954226145, 0.13815341954226146, 0.19835341954226146, 0.17745341954226146, 0.19665341954226145, 0.19205341954226146, 0.21465341954226147, 0.23985341954226147, 0.24265341954226147, 0.31245341954226147, 0.28335341954226145, 0.25415341954226145, 0.2836534195422614, 0.3310534195422614, 0.2707534195422614, 0.2679534195422614, 0.32805341954226136, 0.32215341954226134, 0.3813534195422613, 0.3618534195422613, 0.3445534195422613]","[180.71981349051111, 190.1967677906733, 176.7790335527386, 201.52569220945873, 201.07617640359777, 188.2331638403852, 190.99336907067288, 183.42140015438684, 175.04152089758543, 183.21260382095525, 178.49666489512163, 199.90779295683546, 194.78593583236923, 202.32369716317672, 201.806653007064, 211.11739239962583, 222.19277009875486, 225.2147621683118, 255.76254225650814, 250.20968524707985, 243.68259466653913, 258.411539364235, 282.2651602761691, 265.43874476060756, 267.09073152556317, 296.87532577209146, 299.0091068927177, 331.519495963502, 329.8278233018738, 328.23692546222037]"
R_medium_021,rollout,medium,E_medium_003,,,,,,"[-0.0646, -0.0175, 0.0001, 0.0477, 0.0498, -0.0291, 0.0308, -0.0304, -0.0125, -0.0352, -0.0177, 0.0402, 0.0591, -0.0408, -0.0046, 0.0226, 0.0652, 0.0278, -0.0302, 0.0309, -0.0092, 0.0695, -0.0126, 0.0247, -0.0628, -0.0199, 0.0391, 0.0192, -0.0045, 0.0627]","[0.04428193608165355, 0.02678193608165355, 0.02688193608165355, 0.07458193608165355, 0.12438193608165354, 0.09528193608165354, 0.12608193608165355, 0.09568193608165355, 0.08318193608165356, 0.047981936081653555, 0.030281936081653554, 0.07048193608165355, 0.12958193608165355, 0.08878193608165355, 0.08418193608165356, 0.10678193608165355, 0.17198193608165355, 0.19978193608165354, 0.16958193608165353, 0.20048193608165354, 0.19128193608165356, 0.26078193608165356, 0.24818193608165356, 0.27288193608165356, 0.21008193608165357, 0.19018193608165357, 0.22928193608165356, 0.24848193608165356, 0.24398193608165356, 0.30668193608165356]","[120.42445316043599, 117.02417632936445, 117.0052987667138, 128.65738240737792, 141.21111276963228, 135.31395368786437, 143.16910025454726, 136.9316132773505, 134.32979471155605, 127.14399277011758, 123.50555168747763, 133.66383037366893, 149.09685465148254, 140.41457935137765, 139.3605083041171, 145.2592618403868, 163.24601437467055, 171.72720217174628, 165.20263531303712, 174.6581188170032, 173.10806135162056, 195.24087844699403, 193.80233057035917, 203.30450559070812, 188.9105522282129, 184.55320531997899, 197.63343876925117, 205.11216099964636, 205.38448822648476, 228.19046181270883]"
R_medium_022,rollout,medium,E_medium_004,,,,,,"[-0.0396, -0.0025, -0.0149, -0.0323, 0.0498, 0.0509, -0.0292, -0.0554, -0.0125, 0.0448, 0.0423, -0.0398, 0.0391, -0.0658, -0.0196, 0.0626, -0.0348, -0.0322, 0.0048, 0.0309, 0.0708, 0.0695, -0.0576, -0.0353, 0.0422, -0.0199, 0.0391, 0.0192, -0.0645, 0.0427]","[0.21458739714237315, 0.21208739714237315, 0.19718739714237316, 0.16488739714237316, 0.21468739714237317, 0.26558739714237317, 0.23638739714237317, 0.18098739714237316, 0.16848739714237315, 0.21328739714237316, 0.25558739714237316, 0.21578739714237316, 0.2548873971423732, 0.1890873971423732, 0.16948739714237318, 0.2320873971423732, 0.1972873971423732, 0.1650873971423732, 0.1698873971423732, 0.2007873971423732, 0.27158739714237323, 0.34108739714237324, 0.28348739714237325, 0.24818739714237326, 0.29038739714237327, 0.27048739714237324, 0.30958739714237327, 0.32878739714237326, 0.26428739714237326, 0.3069873971423733]","[196.02029148548553, 196.43752830856693, 193.42864795987344, 185.40183643323502, 202.66158178544745, 221.96443608071647, 215.6893908157984, 201.1995578095446, 197.9870528129932, 214.2446981020966, 230.97921570585243, 220.81423211990656, 236.67978310276408, 218.15347514004307, 212.61137367415168, 236.5781433500013, 226.86669633950427, 217.3062613197883, 219.15439328628813, 231.17650716044858, 260.11834581636464, 291.43909929198986, 275.1583021879904, 265.25326963069955, 284.89930841385, 280.33553907271624, 299.6249633527137, 311.3241556781188, 290.4868180320653, 311.76344572072117]"
R_medium_023,rollout,medium,E_medium_005,,,,,,"[0.0404, 0.0425, -0.0149, -0.0123, 0.0298, 0.0509, 0.0058, 0.0696, -0.0575, 0.0448, -0.0627, -0.0398, -0.0059, -0.0658, -0.0646, -0.0624, 0.0252, 0.0478, -0.0552, 0.0509, 0.0508, -0.0305, -0.0326, 0.0447, 0.0422, -0.0049, 0.0391, -0.0658, -0.0195, 0.0227]","[0.15266714417563254, 0.19516714417563255, 0.18026714417563255, 0.16796714417563255, 0.19776714417563254, 0.24866714417563254, 0.25446714417563254, 0.32406714417563254, 0.26656714417563254, 0.31136714417563255, 0.24866714417563254, 0.20886714417563254, 0.20296714417563255, 0.13716714417563255, 0.07256714417563255, 0.010167144175632553, 0.03536714417563255, 0.08316714417563256, 0.027967144175632563, 0.07886714417563256, 0.12966714417563258, 0.09916714417563258, 0.06656714417563259, 0.11126714417563258, 0.15346714417563256, 0.14856714417563258, 0.18766714417563257, 0.12186714417563257, 0.10236714417563257, 0.12506714417563258]","[150.3712389252024, 163.1674146814068, 160.4911647626695, 158.11444465513625, 167.5533848168746, 184.67225270217094, 188.51781566834538, 214.35296110730778, 202.77033318068507, 220.92805883117595, 206.90268843964128, 197.72535646741824, 197.05126954126646, 179.99217982000698, 163.3662691876563, 147.41764118486918, 155.0416775412506, 169.9805238611901, 155.47174899528392, 171.54955996543453, 188.07486444172932, 179.617032008605, 170.64133638089177, 185.22248234042823, 199.37193175143074, 197.74428941095798, 211.76822229481755, 192.95355498317323, 187.22988869415033, 194.75850794675358]"
R_medium_024,rollout,medium,E_medium_006,,,,,,"[-0.0196, 0.0425, 0.0651, 0.0477, -0.0302, -0.0291, 0.0308, -0.0104, 0.0275, -0.0002, -0.0027, 0.0402, 0.0191, -0.0658, -0.0646, 0.0226, 0.0002, -0.0322, -0.0102, 0.0509, 0.0508, 0.0045, -0.0126, -0.0153, -0.0028, -0.0199, -0.0059, 0.0192, -0.0645, -0.0623]","[0.07929999999999998, 0.12179999999999999, 0.1869, 0.2346, 0.2044, 0.1753, 0.2061, 0.1957, 0.2232, 0.223, 0.2203, 0.2605, 0.2796, 0.21380000000000002, 0.1492, 0.1718, 0.17200000000000001, 0.1398, 0.1296, 0.1805, 0.2313, 0.2358, 0.2232, 0.2079, 0.2051, 0.1852, 0.17930000000000001, 0.1985, 0.134, 0.07170000000000001]","[126.14778585496892, 136.76381383425706, 154.26189593660163, 168.61122471810114, 163.19477159555183, 157.46243636687606, 166.8254482255324, 165.29426269017065, 174.22632240412193, 175.36220326356096, 175.89317540405017, 189.5251919838422, 197.53974960795148, 183.2345753749049, 168.07040738071876, 174.944256589301, 175.2307360190134, 167.5363931767259, 165.01664947129683, 180.4935398536329, 197.33265459131925, 200.10215682746303, 198.08373677329726, 195.08536068674928, 195.15562776415806, 190.5607285143129, 189.3868207309916, 196.08783289312456, 179.47392538648947, 163.51707650173958]"
R_medium_025,rollout,medium,E_medium_007,,,,,,"[0.0604, -0.0175, 0.0251, -0.0573, 0.0298, 0.0059, 0.0508, -0.0304, 0.0475, 0.0648, -0.0627, -0.0648, -0.0209, 0.0392, -0.0396, 0.0626, 0.0452, 0.0478, 0.0048, 0.0709, -0.0542, -0.0105, -0.0126, 0.0647, -0.0028, 0.0401, -0.0409, 0.0592, -0.0045, -0.0023]","[0.0604, 0.0429, 0.068, 0.010700000000000008, 0.04050000000000001, 0.04640000000000001, 0.09720000000000001, 0.06680000000000001, 0.11430000000000001, 0.1791, 0.1164, 0.05160000000000001, 0.03070000000000001, 0.0699, 0.0303, 0.09290000000000001, 0.1381, 0.1859, 0.1907, 0.2616, 0.2074, 0.1969, 0.1843, 0.249, 0.2462, 0.2863, 0.2454, 0.3046, 0.3001, 0.29779999999999995]","[130.00435097129963, 126.39872194337963, 133.244585316505, 121.42426695069817, 129.54138560087296, 131.11125776522653, 145.50614988270956, 138.87275519065028, 152.66306169595975, 172.9501445592964, 158.4288610797891, 143.5014560572855, 138.63004173163156, 150.24498426874274, 140.93474751335776, 159.9459661808997, 174.16141003666257, 190.47347821965002, 192.79688629859058, 219.73238545295396, 206.38548226457425, 204.40842789933342, 201.5654874053775, 226.76307536990072, 228.00208161811477, 246.08393964926614, 236.13989133380488, 262.57094035819887, 264.6494770097307, 267.31337447917383]"
R_medium_026,rollout,medium,E_medium_008,,,,,,"[-0.0046, -0.0025, 0.0251, 0.0027, -0.0102, -0.0091, -0.0092, -0.0554, -0.0325, 0.0248, -0.0177, -0.0398, 0.0391, 0.0392, -0.0396, 0.0426, 0.0652, 0.0278, 0.0298, -0.0541, 0.0708, -0.0105, 0.0674, -0.0153, -0.0628, -0.0649, 0.0191, -0.0058, -0.0645, 0.0227]","[0.1761302976142902, 0.1736302976142902, 0.1987302976142902, 0.2014302976142902, 0.19123029761429022, 0.18213029761429023, 0.17293029761429024, 0.11753029761429024, 0.08503029761429023, 0.10983029761429024, 0.09213029761429023, 0.05233029761429023, 0.09143029761429022, 0.13063029761429024, 0.09103029761429024, 0.13363029761429024, 0.19883029761429022, 0.2266302976142902, 0.2564302976142902, 0.2023302976142902, 0.2731302976142902, 0.2626302976142902, 0.3300302976142902, 0.3147302976142902, 0.2519302976142902, 0.1870302976142902, 0.2061302976142902, 0.2003302976142902, 0.1358302976142902, 0.1585302976142902]","[144.27276879033005, 144.05059770762887, 150.6706507539194, 151.9417725238388, 150.43699880826617, 149.01878454073406, 147.45736995490776, 136.58813091185644, 130.20359622617886, 136.08414129267038, 132.5561590193292, 124.69566042998972, 133.9955726244215, 143.50929381140227, 135.4697740034432, 145.91430400199542, 163.0022584560616, 171.1733956798102, 180.44971387407426, 169.29036657692802, 190.06021005275932, 189.14201832402327, 210.73205470497496, 209.41811292796558, 195.79049175550543, 180.69155577981726, 186.71931842830116, 185.82867081409836, 170.1991285005343, 176.60736393982987]"
R_medium_027,rollout,medium,E_medium_009,,,,,,"[0.0404, -0.0175, -0.0599, 0.0477, 0.0048, 0.0059, 0.0708, -0.0104, -0.0325, -0.0152, -0.0177, -0.0648, 0.0391, 0.0392, -0.0196, -0.0174, 0.0452, -0.0572, 0.0048, 0.0059, 0.0308, -0.0305, 0.0274, -0.0153, 0.0222, -0.0649, -0.0059, -0.0058, -0.0395, -0.0373]","[0.24637240597219887, 0.22887240597219888, 0.16897240597219887, 0.21667240597219886, 0.22147240597219886, 0.22737240597219885, 0.29817240597219885, 0.28777240597219883, 0.2552724059721988, 0.2400724059721988, 0.22237240597219882, 0.15757240597219882, 0.19667240597219882, 0.23587240597219883, 0.21627240597219882, 0.19887240597219882, 0.2440724059721988, 0.1868724059721988, 0.1916724059721988, 0.1975724059721988, 0.2283724059721988, 0.1978724059721988, 0.2252724059721988, 0.2099724059721988, 0.2321724059721988, 0.16727240597219878, 0.1613724059721988, 0.1555724059721988, 0.11607240597219878, 0.07877240597219878]","[183.04140189909626, 180.7535414478568, 167.55341600932178, 183.56737113467327, 186.50225603538297, 189.93558843510036, 216.55444632821323, 217.00867841967528, 210.95261135749843, 208.87027233906088, 205.6796400491146, 188.81856784090795, 202.81919881214833, 218.12081142684318, 214.00392786592457, 210.06538313042864, 228.05328964497858, 212.47169300267487, 214.83039059377492, 217.7212233218954, 230.43265355586618, 222.32442731510645, 233.8562936350744, 230.3369107003062, 240.23727221303744, 220.73463813776866, 218.92320259176785, 217.02739244279257, 204.92714380096163, 193.55048244331084]"
R_medium_028,rollout,medium,E_medium_010,,,,,,"[-0.0196, 0.0625, -0.0599, 0.0677, 0.0498, -0.0541, -0.0542, 0.0496, -0.0325, -0.0002, 0.0623, -0.0048, -0.0209, -0.0058, -0.0646, 0.0626, -0.0148, -0.0322, -0.0102, 0.0709, -0.0542, 0.0495, 0.0274, 0.0447, 0.0622, 0.0201, 0.0391, -0.0658, -0.0045, -0.0173]","[0.15137215274586846, 0.21387215274586846, 0.15397215274586845, 0.22167215274586843, 0.27147215274586844, 0.21737215274586844, 0.16317215274586844, 0.21277215274586844, 0.18027215274586844, 0.18007215274586844, 0.24237215274586843, 0.23757215274586843, 0.21667215274586843, 0.21087215274586843, 0.1462721527458684, 0.2088721527458684, 0.1940721527458684, 0.1618721527458684, 0.15167215274586837, 0.2225721527458684, 0.1683721527458684, 0.2178721527458684, 0.24527215274586842, 0.2899721527458684, 0.3521721527458684, 0.3722721527458684, 0.4, 0.33420000000000005, 0.32970000000000005, 0.31240000000000007]","[148.1294882239752, 165.78202552951703, 153.1332486572251, 172.74780729606624, 188.94982417416495, 177.7333066288648, 165.54996913905498, 180.66342984256573, 173.45737007901604, 173.7183570717456, 193.51368445842215, 193.6547776904734, 189.51312699835307, 188.90641292195062, 173.01365727964065, 192.67223702381912, 189.47293437625154, 181.40548748280239, 178.67657801305987, 201.56641146811955, 187.70668155248262, 204.18765945296042, 214.39699847751186, 231.4043368955189, 256.2538414638655, 267.3760199330617, 283.00992344909736, 266.3125401917508, 267.9356740738641, 265.2267247920283]"
R_medium_029,rollout,medium,E_medium_011,,,,,,"[-0.0396, 0.0225, 0.0651, 0.0677, -0.0302, -0.0541, -0.0292, -0.0554, 0.0025, 0.0448, 0.0623, -0.0048, 0.0191, -0.0408, 0.0404, 0.0226, 0.0452, 0.0678, -0.0102, -0.0541, -0.0292, 0.0045, 0.0674, -0.0153, 0.0422, -0.0049, -0.0409, -0.0208, 0.0205, 0.0227]","[0.049300000000000004, 0.0718, 0.13690000000000002, 0.2046, 0.1744, 0.12029999999999999, 0.09109999999999999, 0.03569999999999999, 0.03819999999999999, 0.08299999999999999, 0.14529999999999998, 0.14049999999999999, 0.1596, 0.11879999999999999, 0.15919999999999998, 0.1818, 0.22699999999999998, 0.29479999999999995, 0.28459999999999996, 0.23049999999999995, 0.20129999999999995, 0.20579999999999996, 0.27319999999999994, 0.25789999999999996, 0.3001, 0.29519999999999996, 0.25429999999999997, 0.23349999999999999, 0.254, 0.2767]","[123.54238049099422, 129.16145370817486, 146.00267286186298, 165.24000490106766, 159.16806320818472, 147.631288959898, 141.38281793080247, 129.63666318222988, 130.21854192041866, 142.10088813539082, 159.22064470753367, 158.05164592774912, 163.49948444680422, 154.32007915994456, 165.83612542496766, 172.79660718289864, 187.42957443342698, 210.94398242309555, 210.8390617405875, 198.69857145714792, 192.14277830749649, 194.343216571329, 218.09103454239977, 215.8900123400494, 232.6588360977295, 233.90066561625142, 224.40559367992824, 219.94938917406938, 228.62611528038374, 238.65361615820098]"
R_medium_030,rollout,medium,E_medium_012,,,,,,"[-0.0646, 0.0625, 0.0001, 0.0677, 0.0048, -0.0541, 0.0508, 0.0296, 0.0475, -0.0002, 0.0223, 0.0402, 0.0191, -0.0408, 0.0204, 0.0226, 0.0452, -0.0322, -0.0302, 0.0509, -0.0292, 0.0045, -0.0326, -0.0353, 0.0222, -0.0399, -0.0409, 0.0192, 0.0205, 0.0627]","[0.06074186638090516, 0.12324186638090516, 0.12334186638090516, 0.19104186638090515, 0.19584186638090514, 0.14174186638090513, 0.19254186638090515, 0.22214186638090516, 0.26964186638090515, 0.26944186638090517, 0.29174186638090516, 0.33194186638090517, 0.3510418663809052, 0.3102418663809052, 0.3306418663809052, 0.3532418663809052, 0.39844186638090523, 0.3662418663809052, 0.3360418663809052, 0.3869418663809052, 0.3577418663809052, 0.3622418663809052, 0.3296418663809052, 0.2943418663809052, 0.3165418663809052, 0.2766418663809052, 0.23574186638090522, 0.2549418663809052, 0.27544186638090523, 0.33814186638090526]","[127.23762300250809, 144.66047593428166, 144.6286655571153, 165.44958483969998, 167.8796949616902, 156.06600921637585, 172.46667898939992, 183.42834671635927, 201.84705252381056, 204.6605960451606, 215.7878825940935, 234.7185874223633, 247.02937434214266, 240.01835618294263, 252.30731127689754, 266.36951930556893, 291.2945108024976, 287.2091520145104, 282.5453917919243, 310.36694985192213, 306.1309349211574, 313.63277952252787, 306.92981557114126, 298.05632580289233, 311.9419117205666, 300.49931039572056, 287.4792027989711, 298.28732901183076, 310.38906927282295, 344.4000699904255]"
R_medium_031,rollout,medium,E_medium_013,,,,,,"[-0.0646, 0.0225, 0.0451, 0.0277, 0.0498, 0.0059, 0.0508, -0.0304, -0.0125, -0.0352, -0.0027, -0.0198, -0.0409, 0.0392, -0.0196, -0.0174, -0.0348, 0.0028, -0.0102, 0.0309, -0.0292, 0.0495, 0.0674, -0.0003, 0.0222, 0.0401, 0.0591, 0.0192, 0.0405, 0.0227]","[0.010746160016955955, 0.033246160016955954, 0.07834616001695596, 0.10604616001695596, 0.15584616001695595, 0.16174616001695594, 0.21254616001695592, 0.1821461600169559, 0.1696461600169559, 0.1344461600169559, 0.13174616001695588, 0.11194616001695588, 0.07104616001695588, 0.11024616001695588, 0.09064616001695588, 0.07324616001695589, 0.03844616001695589, 0.041246160016955885, 0.031046160016955884, 0.06194616001695588, 0.03274616001695588, 0.08224616001695588, 0.14964616001695588, 0.1493461600169559, 0.17154616001695588, 0.21164616001695588, 0.2707461600169559, 0.2899461600169559, 0.33044616001695587, 0.35314616001695587]","[110.21926499043333, 115.31148677455218, 125.74952020293718, 132.28162897614027, 144.39048211049607, 145.947623257478, 159.49285606366456, 153.74367227012206, 151.4201083004697, 144.25637366397032, 143.65236787994718, 139.60577506571394, 131.32276192210057, 140.98572734995005, 136.9294887767977, 133.32719586316793, 126.19338337935328, 126.8250065807426, 124.69684458362495, 132.26448354889288, 126.20975488500261, 138.5251769824543, 155.84725830695746, 155.69796323312397, 161.7602764229312, 173.30193768960447, 191.34936321268768, 198.81923905278845, 213.33484584578846, 223.27246613067655]"
R_medium_032,rollout,medium,E_medium_014,,,,,,"[-0.0396, 0.0225, 0.0651, -0.0123, 0.0048, -0.0091, -0.0292, -0.0304, -0.0575, 0.0648, -0.0177, 0.0402, 0.0191, -0.0408, -0.0396, 0.0426, -0.0348, 0.0678, -0.0302, 0.0309, 0.0508, -0.0555, -0.0126, 0.0647, -0.0378, -0.0049, -0.0059, -0.0408, 0.0405, 0.0427]","[0.19602299737596016, 0.21852299737596015, 0.28362299737596014, 0.27132299737596016, 0.2761229973759602, 0.2670229973759602, 0.2378229973759602, 0.20742299737596018, 0.14992299737596018, 0.21472299737596018, 0.19702299737596018, 0.2372229973759602, 0.2563229973759602, 0.2155229973759602, 0.1759229973759602, 0.2185229973759602, 0.1837229973759602, 0.2515229973759602, 0.22132299737596017, 0.25222299737596016, 0.30302299737596017, 0.24752299737596017, 0.23492299737596017, 0.29962299737596015, 0.26182299737596015, 0.25692299737596014, 0.2510229973759601, 0.21022299737596012, 0.2507229973759601, 0.2934229973759601]","[164.55149859037135, 171.9735316417741, 193.26620112767083, 192.6224781189911, 196.3011626552408, 196.22178689251544, 190.79619760009834, 184.4563710218619, 170.6887627992625, 191.2194055883512, 187.53502421851883, 201.44198883336452, 209.28434386131204, 199.84474985538327, 189.97526865761796, 204.58772909875935, 195.87596947743333, 219.71748782035772, 212.5937642947623, 224.61774980060775, 244.8771412328745, 230.59701636947858, 228.24780549962986, 253.83316331355957, 244.38080275777338, 244.57570948934813, 244.33500669993202, 232.76198231281236, 249.07052926831142, 267.4596299352351]"
R_medium_033,rollout,medium,E_medium_015,,,,,,"[0.0204, 0.0225, 0.0651, -0.0123, -0.0102, 0.0709, -0.0292, 0.0296, 0.0475, -0.0602, -0.0027, -0.0398, -0.0409, -0.0058, -0.0196, 0.0426, 0.0652, 0.0478, -0.0302, -0.0091, -0.0292, -0.0305, 0.0674, -0.0153, -0.0378, 0.0401, -0.0209, -0.0658, -0.0395, 0.0227]","[0.15419582357064568, 0.17669582357064567, 0.24179582357064566, 0.22949582357064566, 0.21929582357064564, 0.29019582357064566, 0.26099582357064566, 0.2905958235706457, 0.33809582357064566, 0.2778958235706457, 0.2751958235706457, 0.2353958235706457, 0.1944958235706457, 0.1886958235706457, 0.1690958235706457, 0.2116958235706457, 0.2768958235706457, 0.3246958235706457, 0.2944958235706457, 0.2853958235706457, 0.2561958235706457, 0.2256958235706457, 0.2930958235706457, 0.2777958235706457, 0.2399958235706457, 0.28009582357064566, 0.2591958235706457, 0.1933958235706457, 0.15389582357064568, 0.17659582357064568]","[146.72610183903063, 153.17172026228099, 172.95182092127737, 171.71522581293578, 170.69176985988392, 194.24723069766776, 189.61685257692093, 201.35477318573325, 220.20736773931526, 207.70384754572115, 209.29718915606435, 200.67697829971812, 190.91751108590057, 189.90060078804447, 185.0310845623245, 199.52725006949376, 223.34912535778705, 243.16360895039583, 237.3458790914026, 237.16856479748859, 230.58640211944783, 222.94410059241096, 249.52623211493668, 247.12680787533597, 237.1201166074914, 254.0642795390085, 249.32900731236398, 229.37430178069096, 216.89848058606137, 225.21945785024826]"
R_medium_034,rollout,medium,E_medium_016,,,,,,"[0.0404, -0.0025, -0.0349, -0.0573, -0.0302, 0.0059, 0.0058, 0.0046, -0.0125, 0.0448, 0.0623, -0.0648, 0.0191, 0.0192, -0.0046, -0.0374, 0.0452, 0.0478, 0.0048, 0.0509, 0.0708, -0.0305, -0.0126, -0.0353, 0.0622, -0.0649, -0.0209, 0.0392, -0.0395, 0.0427]","[0.3828411934569482, 0.3803411934569482, 0.34544119345694824, 0.2881411934569482, 0.2579411934569482, 0.26384119345694823, 0.26964119345694826, 0.27424119345694825, 0.26174119345694824, 0.30654119345694825, 0.36884119345694827, 0.30404119345694824, 0.32314119345694825, 0.34234119345694825, 0.33774119345694825, 0.30034119345694826, 0.3455411934569483, 0.3933411934569483, 0.3981411934569483, 0.4, 0.4, 0.36950000000000005, 0.35690000000000005, 0.32160000000000005, 0.38380000000000003, 0.3189, 0.29800000000000004, 0.33720000000000006, 0.2977000000000001, 0.3404000000000001]","[242.49317891516407, 247.87416821406606, 243.57629938642367, 231.3934088452429, 225.54618128863694, 230.1695662207946, 234.9289908093195, 239.38519224765102, 238.2237564452021, 258.90309029425725, 289.1292504989727, 272.4037939906585, 284.2558317936193, 296.8848626088648, 299.847958085294, 290.65291324186427, 314.8574199625923, 342.4449525969847, 351.01226320496266, 363.69835996488877, 377.8865984860331, 371.0054404206735, 370.8100288905769, 360.1527520873703, 397.28562722360385, 373.2233244674375, 367.32436878511396, 391.8580359709851, 377.4079991655853, 404.3304539953993]"
R_medium_035,rollout,medium,E_medium_017,,,,,,"[0.0604, -0.0625, 0.0251, -0.0323, 0.0698, 0.0309, 0.0508, -0.0304, 0.0025, 0.0448, -0.0377, -0.0398, -0.0659, 0.0592, 0.0204, 0.0226, 0.0252, 0.0028, 0.0048, 0.0059, 0.0308, -0.0305, 0.0474, 0.0447, -0.0178, -0.0049, -0.0409, 0.0592, 0.0605, 0.0427]","[0.10097088653865241, 0.03847088653865241, 0.06357088653865241, 0.031270886538652405, 0.1010708865386524, 0.1319708865386524, 0.18277088653865242, 0.1523708865386524, 0.1548708865386524, 0.19967088653865242, 0.16197088653865244, 0.12217088653865243, 0.056270886538652434, 0.11547088653865244, 0.13587088653865242, 0.15847088653865243, 0.18367088653865243, 0.18647088653865243, 0.19127088653865243, 0.19717088653865242, 0.2279708865386524, 0.1974708865386524, 0.2448708865386524, 0.28957088653865243, 0.27177088653865245, 0.26687088653865243, 0.22597088653865244, 0.2851708865386524, 0.3456708865386524, 0.3883708865386524]","[138.62628041062084, 125.88008366224197, 132.60738042109296, 125.91092689889408, 145.16022477032163, 153.95499703728692, 169.56526864458615, 162.7097578109532, 163.44612557527262, 177.99174674418265, 169.43922974921145, 160.1816036858078, 144.99010310628358, 162.636843250303, 168.79773023252966, 175.8967297638407, 184.45230468444538, 185.95033612689986, 188.20006425841902, 190.94283631056805, 202.6335332280746, 195.69496409947266, 213.62589058245987, 232.31597113678902, 230.01908793996108, 231.09017725928126, 221.12467605630266, 245.6034710623209, 273.2084402464112, 296.00255233924014]"
R_hard_036,rollout,hard,E_hard_000,,,,,,"[-0.0296, -0.0275, 0.0801, -0.0473, -0.0202, 0.0059, 0.0858, -0.0204, 0.0025, 0.0548, -0.0527, 0.0252, -0.0309, -0.0558, 0.0504, 0.0526, -0.0498, 0.0028, -0.0452, 0.0609, 0.0058, 0.0045, 0.0024, -0.0503, 0.0522, -0.0049, -0.0059, -0.0558, 0.0255, -0.0273]","[0.2601385052719215, 0.2326385052719215, 0.3127385052719215, 0.2654385052719215, 0.24523850527192148, 0.2511385052719215, 0.3369385052719215, 0.3165385052719215, 0.3190385052719215, 0.37383850527192153, 0.32113850527192156, 0.34633850527192156, 0.3154385052719216, 0.25963850527192156, 0.31003850527192156, 0.36263850527192154, 0.31283850527192153, 0.31563850527192155, 0.27043850527192154, 0.33133850527192155, 0.3371385052719216, 0.3416385052719216, 0.3440385052719216, 0.2937385052719216, 0.3459385052719216, 0.3410385052719216, 0.33513850527192157, 0.27933850527192156, 0.3048385052719216, 0.2775385052719216]","[235.2606460944845, 229.82774089517056, 267.1807357852014, 256.31128391617085, 252.82637152748342, 258.1299802885632, 301.32090788195427, 299.66817229835226, 305.9714751627877, 339.0129473429828, 325.4133685694665, 343.85604885445144, 337.3281268555747, 319.2771244993061, 349.29842250331143, 383.44480608078334, 367.9380725412744, 374.4071032486363, 358.7947310715357, 397.5206519606923, 406.5302070502959, 415.0129097125688, 422.4080595920306, 403.4097597731063, 440.0927157729108, 443.624498371918, 446.40906218134535, 422.6274477096679, 442.7144989808003, 432.52219839454574]"
R_hard_037,rollout,hard,E_hard_001,,,,,,"[0.0754, -0.0275, -0.0249, 0.0827, -0.0202, -0.0441, -0.0442, -0.0454, -0.0475, 0.0298, 0.0773, 0.0502, -0.0559, 0.0492, -0.0546, 0.0776, -0.0498, 0.0028, -0.0202, 0.0609, -0.0192, 0.0345, -0.0476, 0.0547, -0.0278, 0.0251, 0.0491, 0.0742, -0.0545, -0.0523]","[0.3807977896615752, 0.35329778966157516, 0.3283977896615752, 0.4, 0.3798, 0.3357, 0.2915, 0.24609999999999999, 0.1986, 0.2284, 0.30569999999999997, 0.3559, 0.3, 0.3492, 0.29460000000000003, 0.37220000000000003, 0.3224, 0.32520000000000004, 0.30500000000000005, 0.36590000000000006, 0.34670000000000006, 0.3812000000000001, 0.3336000000000001, 0.3883000000000001, 0.3605000000000001, 0.3856000000000001, 0.4, 0.4, 0.34550000000000003, 0.2932]","[297.28266372406574, 295.36408482202665, 293.05722935479827, 336.74890517430106, 337.4623803482373, 327.5364711947613, 315.5958447201025, 301.4197615655832, 284.8422528868853, 301.2337175953693, 344.65815659815166, 377.7061782657512, 359.0042349628932, 392.0799293168333, 372.62980871075945, 423.68680703280165, 406.1012015966436, 413.0788474135073, 408.1428778246312, 451.5169105522978, 448.2106194721957, 477.2802247114521, 458.44248337046236, 501.3880283580087, 493.13045914781287, 513.2112000000001, 520.8000000000001, 520.8000000000001, 492.0785000000001, 464.5164]"
R_hard_038,rollout,hard,E_hard_002,,,,,,"[-0.0296, 0.0525, 0.0001, -0.0223, 0.0048, -0.0191, 0.0358, -0.0204, -0.0225, -0.0502, -0.0277, 0.0752, -0.0309, -0.0058, 0.0754, -0.0024, -0.0498, 0.0028, -0.0202, 0.0609, -0.0442, -0.0455, -0.0476, 0.0547, -0.0528, 0.0751, -0.0309, 0.0492, 0.0255, -0.0273]","[0.3146, 0.3671, 0.36719999999999997, 0.3449, 0.3497, 0.3306, 0.3664, 0.346, 0.32349999999999995, 0.27329999999999993, 0.24559999999999993, 0.3207999999999999, 0.28989999999999994, 0.2840999999999999, 0.35949999999999993, 0.3570999999999999, 0.3072999999999999, 0.31009999999999993, 0.28989999999999994, 0.35079999999999995, 0.30659999999999993, 0.26109999999999994, 0.21349999999999994, 0.26819999999999994, 0.21539999999999992, 0.2904999999999999, 0.25959999999999994, 0.30879999999999996, 0.3343, 0.307]","[349.3098778683097, 390.3302381498234, 400.72440745272075, 400.09415929017854, 412.348132612429, 411.85287082051366, 445.17427644365904, 444.3518353481467, 441.01884478475455, 421.04508275685663, 410.79127377897856, 469.47372885590966, 458.85128865896036, 459.7207, 499.45649999999995, 498.1916999999999, 471.9471, 473.42269999999996, 462.77729999999997, 494.8715999999999, 471.57820000000004, 447.59970000000004, 422.5145, 451.3414, 423.5158, 463.0935, 446.80920000000003, 472.73759999999993, 486.17609999999996, 471.789]"
R_hard_039,rollout,hard,E_hard_003,,,,,,"[0.0254, 0.0525, -0.0499, 0.0327, 0.0598, 0.0059, 0.0358, 0.0346, 0.0325, -0.0502, -0.0277, -0.0048, -0.0059, -0.0558, -0.0046, 0.0276, 0.0302, -0.0222, 0.0848, 0.0609, -0.0442, 0.0595, -0.0476, 0.0547, 0.0772, -0.0549, 0.0241, 0.0742, 0.0505, 0.0777]","[0.2814915679122014, 0.3339915679122014, 0.2840915679122014, 0.3167915679122014, 0.37659156791220144, 0.38249156791220146, 0.4, 0.4, 0.4, 0.3498, 0.3221, 0.31729999999999997, 0.31139999999999995, 0.25559999999999994, 0.25099999999999995, 0.27859999999999996, 0.30879999999999996, 0.28659999999999997, 0.37139999999999995, 0.4, 0.3558, 0.4, 0.35240000000000005, 0.4, 0.4, 0.3451, 0.36920000000000003, 0.4, 0.4, 0.4]","[239.29410620242976, 266.4701230581115, 255.60102673309834, 274.530964718804, 308.39785513029835, 318.8172946854049, 338.06425260824636, 351.3615930639582, 364.33330016588917, 351.38839096908976, 345.7921933202984, 348.8736686319789, 351.25565228068507, 331.45207515270334, 332.1825565556896, 350.0513450217827, 370.7148978578942, 364.9690580888439, 418.98637842073435, 448.26628926690216, 433.6564129861779, 470.50557175649305, 452.958194698536, 491.6996682262311, 510.6537288987429, 486.72154440376994, 504.56840000000005, 520.8000000000001, 520.8000000000001, 520.8000000000001]"
R_hard_040,rollout,hard,E_hard_004,,,,,,"[-0.0296, 0.0275, 0.0801, 0.0327, -0.0452, 0.0609, -0.0192, 0.0596, -0.0475, -0.0002, 0.0523, -0.0548, -0.0059, 0.0742, -0.0546, -0.0524, 0.0552, -0.0222, -0.0452, 0.0359, 0.0858, -0.0455, -0.0226, 0.0547, -0.0278, 0.0501, -0.0309, 0.0742, -0.0045, -0.0523]","[0.2531655587189162, 0.28066555871891624, 0.36076555871891625, 0.39346555871891625, 0.34826555871891623, 0.4, 0.3808, 0.4, 0.35250000000000004, 0.35230000000000006, 0.4, 0.3452, 0.3393, 0.4, 0.34540000000000004, 0.29300000000000004, 0.34820000000000007, 0.32600000000000007, 0.28080000000000005, 0.31670000000000004, 0.4, 0.35450000000000004, 0.33190000000000003, 0.38660000000000005, 0.35880000000000006, 0.4, 0.36910000000000004, 0.4, 0.3955, 0.3432]","[246.9840791253777, 264.14493120972713, 310.5926864233512, 337.31271586759465, 329.4027080384154, 368.90193748760703, 371.15552002567983, 399.54008993052565, 387.937067427088, 395.93450212951024, 435.715893514586, 418.57981603019687, 423.2503402124942, 474.42619977741583, 455.1033907978972, 434.0255368143451, 478.12090114439684, 473.11887272528253, 453.66310473544553, 476.9009000000001, 520.8000000000001, 496.82150000000007, 484.91130000000004, 513.7382, 499.08760000000007, 520.8000000000001, 504.51570000000004, 520.8000000000001, 518.4285000000001, 490.8664]"
R_hard_041,rollout,hard,E_hard_005,,,,,,"[0.0254, 0.0275, 0.0801, 0.0327, -0.0202, 0.0609, -0.0442, -0.0204, 0.0025, 0.0298, -0.0527, 0.0752, 0.0741, -0.0558, -0.0046, 0.0276, -0.0498, 0.0828, 0.0048, 0.0609, 0.0858, -0.0455, -0.0226, -0.0253, -0.0278, -0.0049, 0.0741, -0.0558, 0.0255, 0.0777]","[0.21162182983151923, 0.23912182983151922, 0.31922182983151925, 0.35192182983151926, 0.33172182983151927, 0.3926218298315193, 0.34842182983151926, 0.3280218298315193, 0.3305218298315193, 0.3603218298315193, 0.3076218298315193, 0.3828218298315193, 0.4, 0.3442, 0.3396, 0.3672, 0.3174, 0.4, 0.4, 0.4, 0.4, 0.35450000000000004, 0.33190000000000003, 0.30660000000000004, 0.27880000000000005, 0.27390000000000003, 0.34800000000000003, 0.2922, 0.31770000000000004, 0.39540000000000003]","[202.47360894953437, 216.8951813763919, 258.0982623203499, 281.5831558879009, 282.99622950043414, 323.3798962953352, 316.9816000196131, 317.3060107131977, 326.0248066790134, 350.7167440240915, 337.26631444946275, 389.05535272895634, 420.3878050459424, 404.34945119123074, 410.1480864702201, 436.4154939175724, 420.0137786316073, 484.2894104040449, 496.16648166154806, 518.1525654108655, 520.8000000000001, 496.82150000000007, 484.91130000000004, 471.57820000000004, 456.9276, 454.34529999999995, 493.3960000000001, 463.98940000000005, 477.4279000000001, 518.3758]"
R_hard_042,rollout,hard,E_hard_006,,,,,,"[0.0754, -0.0275, -0.0249, 0.0827, -0.0452, -0.0191, -0.0442, 0.0346, -0.0475, 0.0548, -0.0527, 0.0502, -0.0559, 0.0242, -0.0046, 0.0526, -0.0248, -0.0222, 0.0848, 0.0059, -0.0442, 0.0595, -0.0226, -0.0503, -0.0278, -0.0299, -0.0059, 0.0492, -0.0295, 0.0777]","[0.36091436768091323, 0.3334143676809132, 0.3085143676809132, 0.3912143676809132, 0.3460143676809132, 0.3269143676809132, 0.2827143676809132, 0.3173143676809132, 0.2698143676809132, 0.32461436768091323, 0.27191436768091326, 0.3221143676809133, 0.2662143676809133, 0.2904143676809133, 0.2858143676809133, 0.33841436768091326, 0.3136143676809133, 0.2914143676809133, 0.37621436768091326, 0.3821143676809133, 0.33791436768091326, 0.39741436768091326, 0.37481436768091325, 0.32451436768091324, 0.29671436768091325, 0.26681436768091327, 0.26091436768091325, 0.31011436768091327, 0.2806143676809133, 0.3583143676809133]","[269.7607040085441, 267.6422377026034, 265.1789827839576, 308.9728067846344, 300.7842723326637, 300.06299775168935, 289.2973790244302, 310.27406607607287, 297.24664568901807, 328.5706504697409, 312.8644917977264, 342.7568039938014, 324.7335290648887, 341.00916277222547, 343.15947325773936, 376.4623850532833, 371.1822390471751, 366.05290433358016, 420.065579130214, 431.03042550865416, 416.9112419327305, 460.0672889548579, 456.61274203770904, 437.6706057033543, 428.40482084431704, 416.94822994162337, 417.0698028840675, 452.1201520782665, 440.73166380327837, 496.9297750951378]"
R_hard_043,rollout,hard,E_hard_007,,,,,,"[-0.0046, -0.0275, 0.0301, 0.0327, 0.0048, 0.0059, -0.0442, -0.0454, 0.0325, 0.0798, 0.0773, 0.0752, 0.0241, 0.0492, -0.0296, 0.0276, 0.0302, 0.0578, 0.0598, -0.0191, 0.0358, 0.0345, -0.0226, 0.0547, -0.0528, 0.0751, 0.0241, -0.0558, -0.0045, -0.0523]","[0.0815964101236579, 0.0540964101236579, 0.0841964101236579, 0.1168964101236579, 0.1216964101236579, 0.12759641012365788, 0.08339641012365788, 0.03799641012365788, 0.07049641012365787, 0.15029641012365785, 0.22759641012365783, 0.3027964101236578, 0.32689641012365783, 0.37609641012365785, 0.34649641012365784, 0.37409641012365785, 0.4, 0.4, 0.4, 0.3809, 0.4, 0.4, 0.3774, 0.4, 0.3472, 0.4, 0.4, 0.3442, 0.3397, 0.2874]","[161.97716067455937, 155.21103444027426, 166.60053214596857, 179.39153224763325, 181.23764814856784, 183.53577064237012, 172.0145904470825, 160.20895962625974, 172.86998279767502, 205.90317100807138, 243.62831432650657, 286.7991449854616, 307.2849487714194, 344.6482597309055, 343.0940492856196, 369.5930837670648, 398.1806457229916, 422.4274082915442, 447.0504533776932, 449.37385084680955, 477.908679205888, 497.29598323203305, 496.51808235775536, 520.8000000000001, 492.9744, 520.8000000000001, 520.8000000000001, 491.39340000000004, 489.0219, 461.45980000000003]"
R_hard_044,rollout,hard,E_hard_008,,,,,,"[-0.0046, 0.0275, -0.0499, 0.0327, 0.0598, -0.0191, 0.0358, -0.0454, 0.0825, 0.0298, 0.0773, 0.0252, -0.0559, -0.0308, -0.0296, 0.0776, 0.0002, -0.0472, 0.0848, -0.0441, 0.0058, 0.0345, -0.0476, -0.0003, 0.0272, -0.0549, 0.0241, -0.0558, 0.0505, -0.0523]","[0.28750000000000003, 0.31500000000000006, 0.26510000000000006, 0.29780000000000006, 0.3576000000000001, 0.3385000000000001, 0.3743000000000001, 0.3289000000000001, 0.4, 0.4, 0.4, 0.4, 0.3441, 0.3133, 0.2837, 0.3613, 0.3615, 0.31429999999999997, 0.39909999999999995, 0.355, 0.3608, 0.3953, 0.3477, 0.3474, 0.3746, 0.3197, 0.3438, 0.288, 0.33849999999999997, 0.28619999999999995]","[224.72294310368912, 240.14359672108168, 229.95859078948655, 247.07011874768935, 278.011528403674, 278.11937974069616, 300.7575076184676, 291.7629381155708, 333.7229090394158, 345.9472374606068, 364.55058437460076, 376.118572569853, 360.3278880511854, 352.96076618501235, 344.87926920621976, 392.18292213516287, 398.8531889010041, 383.38068960869816, 438.8780510567548, 425.08883076481, 434.9437367585623, 463.25056636957635, 446.25317548540283, 452.0499019304531, 475.7591020701081, 452.87457793902433, 473.7364619108531, 448.47015542622444, 486.2580642309776, 460.8274]"
R_hard_045,rollout,hard,E_hard_009,,,,,,"[-0.0296, -0.0275, 0.0301, -0.0473, 0.0848, -0.0441, 0.0358, -0.0454, -0.0475, 0.0548, -0.0277, 0.0502, -0.0559, 0.0742, 0.0254, 0.0526, -0.0498, -0.0222, -0.0202, 0.0609, -0.0442, -0.0455, 0.0324, -0.0003, 0.0272, -0.0549, -0.0059, 0.0492, -0.0295, -0.0023]","[0.3396, 0.3121, 0.3422, 0.2949, 0.3797, 0.3356, 0.3714, 0.326, 0.2785, 0.33330000000000004, 0.30560000000000004, 0.35580000000000006, 0.29990000000000006, 0.37410000000000004, 0.3995, 0.4, 0.3502, 0.328, 0.3078, 0.3687, 0.3245, 0.279, 0.3114, 0.3111, 0.3383, 0.2834, 0.27749999999999997, 0.3267, 0.2972, 0.2949]","[299.62415691682304, 296.60616784613165, 318.93635491373783, 307.55011980080275, 360.7940032998863, 350.9483055536814, 379.4371552382909, 367.5105126299261, 352.2747064567073, 390.3233001357606, 383.8207784799122, 421.6651005612297, 401.1490342412085, 456.02892468412807, 482.6285463099911, 502.13195762866405, 483.3992699514775, 478.0211094425226, 472.2106, 504.3049000000001, 481.0115, 457.033, 474.1078, 473.9497, 488.2841, 459.3518, 456.24249999999995, 482.1709000000001, 466.62440000000004, 465.41229999999996]"
R_hard_046,rollout,hard,E_hard_010,,,,,,"[0.0504, -0.0025, 0.0001, 0.0327, 0.0598, 0.0609, -0.0442, 0.0046, -0.0475, 0.0798, -0.0027, -0.0298, -0.0559, -0.0058, 0.0504, -0.0524, -0.0498, 0.0828, 0.0348, -0.0441, -0.0442, 0.0845, 0.0324, -0.0003, -0.0278, -0.0549, -0.0559, 0.0492, -0.0545, -0.0523]","[0.3877601219090924, 0.3852601219090924, 0.3853601219090924, 0.4, 0.4, 0.4, 0.3558, 0.3604, 0.3129, 0.3927, 0.39, 0.3602, 0.3043, 0.2985, 0.3489, 0.2965, 0.24669999999999997, 0.32949999999999996, 0.36429999999999996, 0.32019999999999993, 0.2759999999999999, 0.36049999999999993, 0.3928999999999999, 0.3925999999999999, 0.3647999999999999, 0.3098999999999999, 0.2539999999999999, 0.3031999999999999, 0.24869999999999992, 0.1963999999999999]","[337.69323671703137, 348.2326470823686, 359.7035036668152, 384.02521100372684, 408.3818324266936, 432.9214096860115, 422.4780432339864, 435.2038971841271, 419.8306756709896, 484.7075432100278, 494.8139313396603, 488.90505778379554, 465.70434409538814, 467.3095, 493.8703, 466.25550000000004, 440.0109, 483.64649999999995, 501.9861000000001, 478.7453999999999, 455.452, 499.9835, 517.0582999999999, 516.9002, 502.2496, 473.3173, 443.85799999999995, 469.78639999999996, 441.0648999999999, 413.5027999999999]"
R_hard_047,rollout,hard,E_hard_011,,,,,,"[-0.0296, 0.0525, -0.0499, -0.0473, 0.0348, -0.0441, 0.0058, 0.0846, -0.0475, -0.0252, 0.0523, -0.0298, 0.0491, -0.0308, 0.0254, -0.0524, 0.0302, 0.0028, 0.0598, -0.0191, 0.0058, -0.0455, -0.0476, -0.0503, 0.0522, -0.0049, 0.0491, -0.0558, 0.0755, 0.0277]","[0.3047515525192797, 0.3572515525192797, 0.3073515525192797, 0.2600515525192797, 0.2948515525192797, 0.2507515525192797, 0.25655155251927975, 0.34115155251927975, 0.29365155251927977, 0.26845155251927977, 0.3207515525192798, 0.2909515525192798, 0.34005155251927977, 0.30925155251927977, 0.33465155251927975, 0.28225155251927975, 0.31245155251927975, 0.3152515525192798, 0.3750515525192798, 0.3559515525192798, 0.3617515525192798, 0.31625155251927983, 0.26865155251927986, 0.21835155251927985, 0.27055155251927987, 0.26565155251927985, 0.31475155251927983, 0.2589515525192798, 0.3344515525192798, 0.36215155251927983]","[277.9296925801845, 310.51377490519934, 299.4431708781761, 286.9907169142834, 308.9992110156904, 296.54298381786657, 302.9331861213593, 353.5223759045129, 340.02921227482125, 334.04231614467415, 368.5343412983006, 361.01032787699427, 395.79329635546605, 387.93204180896123, 409.5645374928979, 390.1456983139776, 413.9446593550313, 421.49065242097134, 467.6052107797792, 465.7209059350888, 477.4320238754171, 459.7192328113678, 438.66092757924514, 414.12379256041163, 452.27831346682865, 449.99836817766044, 475.87406817766055, 446.4674681776605, 486.25596817766046, 500.85386817766044]"
R_hard_048,rollout,hard,E_hard_012,,,,,,"[-0.0296, 0.0275, -0.0249, 0.0327, -0.0202, 0.0059, -0.0442, 0.0346, -0.0225, 0.0798, -0.0027, -0.0548, 0.0491, 0.0492, -0.0546, -0.0524, -0.0498, -0.0472, 0.0848, 0.0859, -0.0442, 0.0345, -0.0476, 0.0547, 0.0272, -0.0299, -0.0559, 0.0492, 0.0755, -0.0523]","[0.29471022479600223, 0.32221022479600225, 0.2973102247960023, 0.3300102247960023, 0.3098102247960023, 0.3157102247960023, 0.2715102247960023, 0.3061102247960023, 0.2836102247960023, 0.36341022479600227, 0.3607102247960023, 0.3059102247960023, 0.35501022479600225, 0.4, 0.34540000000000004, 0.29300000000000004, 0.24320000000000003, 0.19600000000000004, 0.28080000000000005, 0.3667, 0.3225, 0.357, 0.3094, 0.3641, 0.3913, 0.3614, 0.3055, 0.3547, 0.4, 0.3477]","[264.5701492390571, 282.05453502620077, 278.75821584506105, 299.31690857582936, 297.6171649203149, 305.6179412662141, 293.92076102119034, 315.17177900256337, 311.06174127750523, 357.86018014223816, 363.83815753354236, 347.0561841091578, 379.68373559050167, 413.63480389039694, 396.400918611201, 377.76309812561306, 358.31535059224217, 338.4279597587904, 389.6520458362627, 447.38433332386927, 431.3358816993982, 459.1812821417838, 440.10133462579597, 481.5614666160175, 507.3703768073921, 498.1666802208022, 470.99850000000004, 496.92690000000005, 520.8000000000001, 493.23789999999997]"
R_hard_049,rollout,hard,E_hard_013,,,,,,"[-0.0046, 0.0275, -0.0499, 0.0827, -0.0452, -0.0191, 0.0858, -0.0454, 0.0825, 0.0298, -0.0527, -0.0048, -0.0059, 0.0242, 0.0254, 0.0276, 0.0002, -0.0222, 0.0048, 0.0859, 0.0058, 0.0045, -0.0226, 0.0297, 0.0772, -0.0549, -0.0559, 0.0492, -0.0295, 0.0527]","[0.27630000000000005, 0.30380000000000007, 0.25390000000000007, 0.33660000000000007, 0.29140000000000005, 0.27230000000000004, 0.35810000000000003, 0.31270000000000003, 0.39520000000000005, 0.4, 0.34730000000000005, 0.3425, 0.3366, 0.3608, 0.3862, 0.4, 0.4, 0.3778, 0.38260000000000005, 0.4, 0.4, 0.4, 0.3774, 0.4, 0.4, 0.3451, 0.2892, 0.33840000000000003, 0.30890000000000006, 0.36160000000000003]","[272.0845467002687, 291.70352907885746, 278.8565353612041, 328.762413715164, 317.8109363771106, 315.3919477796753, 371.3462902073481, 359.5176126972988, 418.9651129920612, 437.904510847801, 421.95070334847327, 427.72499024872366, 432.6044934584622, 457.28202246569026, 484.6118562221254, 507.8143365932934, 518.9562384440671, 509.1006, 511.6302, 520.8000000000001, 520.8000000000001, 520.8000000000001, 508.88980000000004, 520.8000000000001, 520.8000000000001, 491.8677, 462.4084000000001, 488.3368, 472.7903, 500.56320000000005]"
R_hard_050,rollout,hard,E_hard_014,,,,,,"[0.0504, 0.0275, 0.0001, 0.0027, -0.0202, -0.0191, 0.0608, 0.0346, -0.0225, -0.0252, -0.0527, -0.0298, -0.0309, 0.0242, 0.0754, -0.0274, 0.0002, -0.0222, 0.0048, 0.0859, -0.0192, 0.0345, 0.0324, -0.0503, -0.0028, 0.0751, -0.0309, -0.0558, 0.0755, 0.0527]","[0.335969644111045, 0.36346964411104504, 0.36356964411104503, 0.366269644111045, 0.346069644111045, 0.326969644111045, 0.38776964411104503, 0.4, 0.3775, 0.3523, 0.2996, 0.2698, 0.23889999999999997, 0.2631, 0.3385, 0.31110000000000004, 0.3113, 0.2891, 0.29390000000000005, 0.3798, 0.36060000000000003, 0.3951, 0.4, 0.3497, 0.3469, 0.4, 0.36910000000000004, 0.3133, 0.38880000000000003, 0.4]","[303.27797775645575, 325.87481883692, 334.7630376604315, 345.13768846504604, 345.5032426362294, 345.15432997978604, 388.8337212796081, 410.5551958347745, 410.2984791510794, 407.3063505222195, 389.2180182174549, 379.8936610032481, 368.6366918097322, 387.0150517365981, 441.2358580458116, 433.6942428940654, 439.81328428250856, 433.5113844856979, 441.8086785613451, 509.2086657013136, 500.03620000000006, 518.2177, 520.8000000000001, 494.29189999999994, 492.81629999999996, 520.8000000000001, 504.51570000000004, 475.1091, 514.8976, 520.8000000000001]"
R_hard_051,rollout,hard,E_hard_015,,,,,,"[-0.0046, 0.0775, -0.0249, 0.0027, 0.0598, -0.0441, -0.0192, 0.0596, -0.0225, 0.0548, 0.0523, -0.0548, 0.0491, 0.0492, 0.0254, -0.0024, 0.0002, 0.0028, 0.0048, -0.0441, 0.0858, 0.0045, 0.0324, -0.0253, -0.0528, -0.0299, 0.0241, 0.0242, -0.0295, -0.0023]","[0.2262972753219924, 0.3037972753219924, 0.27889727532199243, 0.2815972753219924, 0.34139727532199243, 0.29729727532199246, 0.27809727532199247, 0.33769727532199245, 0.31519727532199243, 0.36999727532199245, 0.4, 0.3452, 0.3943, 0.4, 0.4, 0.3976, 0.3978, 0.4, 0.4, 0.3559, 0.4, 0.4, 0.4, 0.37470000000000003, 0.3219, 0.29200000000000004, 0.31610000000000005, 0.34030000000000005, 0.3108000000000001, 0.30850000000000005]","[243.65898127840975, 284.0927092927934, 280.6581710628385, 286.61663023344414, 322.9821615561707, 312.81564538973583, 310.475460155329, 348.23329295662364, 345.76503529131475, 384.2161878033238, 415.0854417351247, 399.1744171409275, 438.1190469683934, 458.9504881402598, 473.281686855417, 482.0995995059514, 492.2196765535527, 503.87641233593627, 514.7578341064287, 497.55929999999995, 520.8000000000001, 520.8000000000001, 520.8000000000001, 507.46689999999995, 479.64129999999994, 463.88399999999996, 476.5847000000001, 489.3381, 473.7916000000001, 472.57950000000005]"
R_hard_052,rollout,hard,E_hard_016,,,,,,"[-0.0296, -0.0025, -0.0249, -0.0473, -0.0452, 0.0609, 0.0858, -0.0454, 0.0575, 0.0298, 0.0273, -0.0298, -0.0059, -0.0058, 0.0504, -0.0524, 0.0552, -0.0472, 0.0348, -0.0441, -0.0442, -0.0455, 0.0324, -0.0003, -0.0278, 0.0251, 0.0241, 0.0742, 0.0505, -0.0023]","[0.3390327318732911, 0.3365327318732911, 0.3116327318732911, 0.2643327318732911, 0.2191327318732911, 0.2800327318732911, 0.3658327318732911, 0.3204327318732911, 0.3779327318732911, 0.4, 0.4, 0.37020000000000003, 0.3643, 0.35850000000000004, 0.4, 0.3476, 0.4, 0.3528, 0.3876, 0.3435, 0.2993, 0.2538, 0.2862, 0.2859, 0.2581, 0.2832, 0.3073, 0.3815, 0.4, 0.3977]","[273.47783034333986, 279.2110604356509, 277.01097744148717, 265.820157040747, 253.51665078419038, 284.9446874567255, 333.4001841766472, 322.9768608297053, 360.1860074946228, 382.1780444533512, 395.54688793016163, 391.18159688736586, 396.2781601513284, 401.1031883345344, 435.51626477049666, 418.66636990303135, 459.6392367431979, 444.1329826822133, 474.31525855574944, 458.9060032887904, 441.35106725400595, 421.2252732147426, 446.0032678403198, 450.04198737713125, 438.54868202303555, 458.99845277185983, 471.94710000000003, 511.0505, 520.8000000000001, 519.5879]"
R_hard_053,rollout,hard,E_hard_017,,,,,,"[-0.0296, 0.0275, -0.0499, -0.0223, -0.0452, 0.0859, 0.0358, 0.0596, 0.0575, 0.0798, -0.0527, 0.0502, -0.0059, -0.0308, -0.0046, -0.0274, -0.0498, 0.0028, -0.0452, 0.0359, 0.0858, 0.0045, -0.0226, -0.0253, 0.0272, -0.0549, 0.0741, -0.0558, 0.0505, 0.0277]","[0.33914201409802597, 0.366642014098026, 0.316742014098026, 0.294442014098026, 0.24924201409802602, 0.335142014098026, 0.370942014098026, 0.4, 0.4, 0.4, 0.34730000000000005, 0.3975000000000001, 0.39160000000000006, 0.36080000000000007, 0.35620000000000007, 0.3288000000000001, 0.2790000000000001, 0.2818000000000001, 0.23660000000000012, 0.27250000000000013, 0.3583000000000001, 0.3628000000000001, 0.3402000000000001, 0.3149000000000001, 0.3421000000000001, 0.2872000000000001, 0.3613000000000001, 0.3055000000000001, 0.3560000000000001, 0.3837000000000001]","[276.43365826831115, 296.8620851547325, 286.6196869302677, 284.1514799062857, 272.19991395558276, 319.3765208144925, 345.3826037582909, 374.7762698872332, 393.33000590173447, 415.3774525532061, 399.14347206528174, 437.70661422975746, 443.8432902223246, 436.6629594025068, 441.6308111363421, 434.1925631353002, 413.4880011650531, 419.19908975928536, 398.80044986339163, 424.7246109153149, 487.29886868278635, 497.66562500707926, 489.2854000000001, 475.95230000000004, 490.28670000000005, 461.35440000000006, 500.40510000000006, 470.9985000000001, 497.612, 512.2099000000001]"
